Locality,Latitude,Longitude,Year,Count,temp,rainfall,population
St Andrews Beach,-38.41531,144.81855,2010,NA,14.75,1019.8,148907
St Andrews Beach,-38.41531,144.81855,2010,NA,14.75,1019.8,148907
St Andrews Beach,-38.41531,144.81855,2010,NA,14.75,1019.8,148907
St Andrews Beach,-38.41531,144.81855,2010,NA,14.75,1019.8,148907
St Andrews Beach,-38.41531,144.81855,2010,NA,14.75,1019.8,148907
St Andrews Beach,-38.41531,144.81855,2010,NA,14.75,1019.8,148907
St Andrews Beach,-38.41531,144.81855,2010,NA,14.75,1019.8,148907
St Andrews Beach,-38.41531,144.81855,2010,NA,14.75,1019.8,148907
St Andrews Beach,-38.41531,144.81855,2010,NA,14.75,1019.8,148907
St Andrews Beach,-38.41531,144.81855,2010,NA,14.75,1019.8,148907
St Andrews Beach,-38.41531,144.81855,2010,NA,14.75,1019.8,148907
St Andrews Beach,-38.41531,144.81855,2010,NA,14.75,1019.8,148907
St Andrews Beach,-38.41531,144.81855,2011,NA,14.6,985.2,150436
St Andrews Beach,-38.41531,144.81855,2011,NA,14.6,985.2,150436
St Andrews Beach,-38.41531,144.81855,2011,NA,14.6,985.2,150436
St Andrews Beach,-38.41531,144.81855,2011,NA,14.6,985.2,150436
St Andrews Beach,-38.41531,144.81855,2011,NA,14.6,985.2,150436
St Andrews Beach,-38.41531,144.81855,2011,NA,14.6,985.2,150436
St Andrews Beach,-38.41531,144.81855,2011,NA,14.6,985.2,150436
St Andrews Beach,-38.41531,144.81855,2011,NA,14.6,985.2,150436
St Andrews Beach,-38.41531,144.81855,2011,NA,14.6,985.2,150436
St Andrews Beach,-38.41531,144.81855,2011,NA,14.6,985.2,150436
St Andrews Beach,-38.41531,144.81855,2011,NA,14.6,985.2,150436
St Andrews Beach,-38.41531,144.81855,2011,NA,14.6,985.2,150436
St Andrews Beach,-38.41531,144.81855,2012,NA,14.65,1030.4,152680
St Andrews Beach,-38.41531,144.81855,2012,NA,14.65,1030.4,152680
St Andrews Beach,-38.41531,144.81855,2012,NA,14.65,1030.4,152680
St Andrews Beach,-38.41531,144.81855,2012,NA,14.65,1030.4,152680
St Andrews Beach,-38.41531,144.81855,2012,NA,14.65,1030.4,152680
St Andrews Beach,-38.41531,144.81855,2012,7,14.65,1030.4,152680
St Andrews Beach,-38.41531,144.81855,2012,25,14.65,1030.4,152680
St Andrews Beach,-38.41531,144.81855,2012,5,14.65,1030.4,152680
St Andrews Beach,-38.41531,144.81855,2012,NA,14.65,1030.4,152680
St Andrews Beach,-38.41531,144.81855,2012,NA,14.65,1030.4,152680
St Andrews Beach,-38.41531,144.81855,2012,NA,14.65,1030.4,152680
St Andrews Beach,-38.41531,144.81855,2012,NA,14.65,1030.4,152680
St Andrews Beach,-38.41531,144.81855,2013,NA,15,952.6,154977
St Andrews Beach,-38.41531,144.81855,2013,NA,15,952.6,154977
St Andrews Beach,-38.41531,144.81855,2013,NA,15,952.6,154977
St Andrews Beach,-38.41531,144.81855,2013,3,15,952.6,154977
St Andrews Beach,-38.41531,144.81855,2013,NA,15,952.6,154977
St Andrews Beach,-38.41531,144.81855,2013,NA,15,952.6,154977
St Andrews Beach,-38.41531,144.81855,2013,NA,15,952.6,154977
St Andrews Beach,-38.41531,144.81855,2013,NA,15,952.6,154977
St Andrews Beach,-38.41531,144.81855,2013,NA,15,952.6,154977
St Andrews Beach,-38.41531,144.81855,2013,NA,15,952.6,154977
St Andrews Beach,-38.41531,144.81855,2013,NA,15,952.6,154977
St Andrews Beach,-38.41531,144.81855,2013,NA,15,952.6,154977
St Andrews Beach,-38.41531,144.81855,2014,NA,15.15,734.2,157324
St Andrews Beach,-38.41531,144.81855,2014,NA,15.15,734.2,157324
St Andrews Beach,-38.41531,144.81855,2014,22,15.15,734.2,157324
St Andrews Beach,-38.41531,144.81855,2014,NA,15.15,734.2,157324
St Andrews Beach,-38.41531,144.81855,2014,NA,15.15,734.2,157324
St Andrews Beach,-38.41531,144.81855,2014,NA,15.15,734.2,157324
St Andrews Beach,-38.41531,144.81855,2014,NA,15.15,734.2,157324
St Andrews Beach,-38.41531,144.81855,2014,NA,15.15,734.2,157324
St Andrews Beach,-38.41531,144.81855,2014,NA,15.15,734.2,157324
St Andrews Beach,-38.41531,144.81855,2014,NA,15.15,734.2,157324
St Andrews Beach,-38.41531,144.81855,2014,NA,15.15,734.2,157324
St Andrews Beach,-38.41531,144.81855,2014,NA,15.15,734.2,157324
St Andrews Beach,-38.41531,144.81855,2015,0,14.6,663.3,159991
St Andrews Beach,-38.41531,144.81855,2015,NA,14.6,663.3,159991
St Andrews Beach,-38.41531,144.81855,2015,NA,14.6,663.3,159991
St Andrews Beach,-38.41531,144.81855,2015,NA,14.6,663.3,159991
St Andrews Beach,-38.41531,144.81855,2015,NA,14.6,663.3,159991
St Andrews Beach,-38.41531,144.81855,2015,0,14.6,663.3,159991
St Andrews Beach,-38.41531,144.81855,2015,NA,14.6,663.3,159991
St Andrews Beach,-38.41531,144.81855,2015,NA,14.6,663.3,159991
St Andrews Beach,-38.41531,144.81855,2015,NA,14.6,663.3,159991
St Andrews Beach,-38.41531,144.81855,2015,NA,14.6,663.3,159991
St Andrews Beach,-38.41531,144.81855,2015,NA,14.6,663.3,159991
St Andrews Beach,-38.41531,144.81855,2015,NA,14.6,663.3,159991
St Andrews Beach,-38.41531,144.81855,2016,NA,15.05,808.8,162681
St Andrews Beach,-38.41531,144.81855,2016,NA,15.05,808.8,162681
St Andrews Beach,-38.41531,144.81855,2016,NA,15.05,808.8,162681
St Andrews Beach,-38.41531,144.81855,2016,NA,15.05,808.8,162681
St Andrews Beach,-38.41531,144.81855,2016,NA,15.05,808.8,162681
St Andrews Beach,-38.41531,144.81855,2016,NA,15.05,808.8,162681
St Andrews Beach,-38.41531,144.81855,2016,NA,15.05,808.8,162681
St Andrews Beach,-38.41531,144.81855,2016,NA,15.05,808.8,162681
St Andrews Beach,-38.41531,144.81855,2016,NA,15.05,808.8,162681
St Andrews Beach,-38.41531,144.81855,2016,NA,15.05,808.8,162681
St Andrews Beach,-38.41531,144.81855,2016,NA,15.05,808.8,162681
St Andrews Beach,-38.41531,144.81855,2016,NA,15.05,808.8,162681
St Andrews Beach,-38.41531,144.81855,2017,9,14.85,866.4,164828
St Andrews Beach,-38.41531,144.81855,2017,NA,14.85,866.4,164828
St Andrews Beach,-38.41531,144.81855,2017,NA,14.85,866.4,164828
St Andrews Beach,-38.41531,144.81855,2017,NA,14.85,866.4,164828
St Andrews Beach,-38.41531,144.81855,2017,NA,14.85,866.4,164828
St Andrews Beach,-38.41531,144.81855,2017,NA,14.85,866.4,164828
St Andrews Beach,-38.41531,144.81855,2017,NA,14.85,866.4,164828
St Andrews Beach,-38.41531,144.81855,2017,NA,14.85,866.4,164828
St Andrews Beach,-38.41531,144.81855,2017,NA,14.85,866.4,164828
St Andrews Beach,-38.41531,144.81855,2017,NA,14.85,866.4,164828
St Andrews Beach,-38.41531,144.81855,2017,NA,14.85,866.4,164828
St Andrews Beach,-38.41531,144.81855,2017,NA,14.85,866.4,164828
St Andrews Beach,-38.41531,144.81855,2018,NA,15,705.5,165728
St Andrews Beach,-38.41531,144.81855,2018,NA,15,705.5,165728
St Andrews Beach,-38.41531,144.81855,2018,NA,15,705.5,165728
St Andrews Beach,-38.41531,144.81855,2018,NA,15,705.5,165728
St Andrews Beach,-38.41531,144.81855,2018,NA,15,705.5,165728
St Andrews Beach,-38.41531,144.81855,2018,NA,15,705.5,165728
St Andrews Beach,-38.41531,144.81855,2018,NA,15,705.5,165728
St Andrews Beach,-38.41531,144.81855,2018,NA,15,705.5,165728
St Andrews Beach,-38.41531,144.81855,2018,NA,15,705.5,165728
St Andrews Beach,-38.41531,144.81855,2018,NA,15,705.5,165728
St Andrews Beach,-38.41531,144.81855,2018,NA,15,705.5,165728
St Andrews Beach,-38.41531,144.81855,2018,NA,15,705.5,165728
Flinders,-38.4759,145.02021,2010,NA,14.75,1019.8,148907
Flinders,-38.4759,145.02021,2010,NA,14.75,1019.8,148907
Flinders,-38.4759,145.02021,2010,NA,14.75,1019.8,148907
Flinders,-38.4759,145.02021,2010,NA,14.75,1019.8,148907
Flinders,-38.4759,145.02021,2010,NA,14.75,1019.8,148907
Flinders,-38.4759,145.02021,2010,NA,14.75,1019.8,148907
Flinders,-38.4759,145.02021,2010,NA,14.75,1019.8,148907
Flinders,-38.4759,145.02021,2010,NA,14.75,1019.8,148907
Flinders,-38.4759,145.02021,2010,NA,14.75,1019.8,148907
Flinders,-38.4759,145.02021,2010,NA,14.75,1019.8,148907
Flinders,-38.4759,145.02021,2010,NA,14.75,1019.8,148907
Flinders,-38.4759,145.02021,2010,NA,14.75,1019.8,148907
Flinders,-38.4759,145.02021,2011,NA,14.6,985.2,150436
Flinders,-38.4759,145.02021,2011,NA,14.6,985.2,150436
Flinders,-38.4759,145.02021,2011,NA,14.6,985.2,150436
Flinders,-38.4759,145.02021,2011,NA,14.6,985.2,150436
Flinders,-38.4759,145.02021,2011,NA,14.6,985.2,150436
Flinders,-38.4759,145.02021,2011,NA,14.6,985.2,150436
Flinders,-38.4759,145.02021,2011,NA,14.6,985.2,150436
Flinders,-38.4759,145.02021,2011,5,14.6,985.2,150436
Flinders,-38.4759,145.02021,2011,NA,14.6,985.2,150436
Flinders,-38.4759,145.02021,2011,NA,14.6,985.2,150436
Flinders,-38.4759,145.02021,2011,NA,14.6,985.2,150436
Flinders,-38.4759,145.02021,2011,NA,14.6,985.2,150436
Flinders,-38.4759,145.02021,2012,NA,14.65,1030.4,152680
Flinders,-38.4759,145.02021,2012,NA,14.65,1030.4,152680
Flinders,-38.4759,145.02021,2012,NA,14.65,1030.4,152680
Flinders,-38.4759,145.02021,2012,NA,14.65,1030.4,152680
Flinders,-38.4759,145.02021,2012,NA,14.65,1030.4,152680
Flinders,-38.4759,145.02021,2012,NA,14.65,1030.4,152680
Flinders,-38.4759,145.02021,2012,NA,14.65,1030.4,152680
Flinders,-38.4759,145.02021,2012,NA,14.65,1030.4,152680
Flinders,-38.4759,145.02021,2012,NA,14.65,1030.4,152680
Flinders,-38.4759,145.02021,2012,NA,14.65,1030.4,152680
Flinders,-38.4759,145.02021,2012,NA,14.65,1030.4,152680
Flinders,-38.4759,145.02021,2012,NA,14.65,1030.4,152680
Flinders,-38.4759,145.02021,2013,NA,15,952.6,154977
Flinders,-38.4759,145.02021,2013,NA,15,952.6,154977
Flinders,-38.4759,145.02021,2013,NA,15,952.6,154977
Flinders,-38.4759,145.02021,2013,NA,15,952.6,154977
Flinders,-38.4759,145.02021,2013,NA,15,952.6,154977
Flinders,-38.4759,145.02021,2013,NA,15,952.6,154977
Flinders,-38.4759,145.02021,2013,NA,15,952.6,154977
Flinders,-38.4759,145.02021,2013,NA,15,952.6,154977
Flinders,-38.4759,145.02021,2013,NA,15,952.6,154977
Flinders,-38.4759,145.02021,2013,NA,15,952.6,154977
Flinders,-38.4759,145.02021,2013,NA,15,952.6,154977
Flinders,-38.4759,145.02021,2013,NA,15,952.6,154977
Flinders,-38.4759,145.02021,2014,NA,15.15,734.2,157324
Flinders,-38.4759,145.02021,2014,NA,15.15,734.2,157324
Flinders,-38.4759,145.02021,2014,NA,15.15,734.2,157324
Flinders,-38.4759,145.02021,2014,NA,15.15,734.2,157324
Flinders,-38.4759,145.02021,2014,NA,15.15,734.2,157324
Flinders,-38.4759,145.02021,2014,NA,15.15,734.2,157324
Flinders,-38.4759,145.02021,2014,NA,15.15,734.2,157324
Flinders,-38.4759,145.02021,2014,NA,15.15,734.2,157324
Flinders,-38.4759,145.02021,2014,NA,15.15,734.2,157324
Flinders,-38.4759,145.02021,2014,NA,15.15,734.2,157324
Flinders,-38.4759,145.02021,2014,NA,15.15,734.2,157324
Flinders,-38.4759,145.02021,2014,NA,15.15,734.2,157324
Flinders,-38.4759,145.02021,2015,NA,14.6,663.3,159991
Flinders,-38.4759,145.02021,2015,NA,14.6,663.3,159991
Flinders,-38.4759,145.02021,2015,NA,14.6,663.3,159991
Flinders,-38.4759,145.02021,2015,NA,14.6,663.3,159991
Flinders,-38.4759,145.02021,2015,NA,14.6,663.3,159991
Flinders,-38.4759,145.02021,2015,NA,14.6,663.3,159991
Flinders,-38.4759,145.02021,2015,NA,14.6,663.3,159991
Flinders,-38.4759,145.02021,2015,NA,14.6,663.3,159991
Flinders,-38.4759,145.02021,2015,NA,14.6,663.3,159991
Flinders,-38.4759,145.02021,2015,NA,14.6,663.3,159991
Flinders,-38.4759,145.02021,2015,NA,14.6,663.3,159991
Flinders,-38.4759,145.02021,2015,NA,14.6,663.3,159991
Flinders,-38.4759,145.02021,2016,NA,15.05,808.8,162681
Flinders,-38.4759,145.02021,2016,NA,15.05,808.8,162681
Flinders,-38.4759,145.02021,2016,0,15.05,808.8,162681
Flinders,-38.4759,145.02021,2016,NA,15.05,808.8,162681
Flinders,-38.4759,145.02021,2016,NA,15.05,808.8,162681
Flinders,-38.4759,145.02021,2016,NA,15.05,808.8,162681
Flinders,-38.4759,145.02021,2016,NA,15.05,808.8,162681
Flinders,-38.4759,145.02021,2016,NA,15.05,808.8,162681
Flinders,-38.4759,145.02021,2016,NA,15.05,808.8,162681
Flinders,-38.4759,145.02021,2016,NA,15.05,808.8,162681
Flinders,-38.4759,145.02021,2016,NA,15.05,808.8,162681
Flinders,-38.4759,145.02021,2016,NA,15.05,808.8,162681
Flinders,-38.4759,145.02021,2017,NA,14.85,866.4,164828
Flinders,-38.4759,145.02021,2017,NA,14.85,866.4,164828
Flinders,-38.4759,145.02021,2017,NA,14.85,866.4,164828
Flinders,-38.4759,145.02021,2017,NA,14.85,866.4,164828
Flinders,-38.4759,145.02021,2017,NA,14.85,866.4,164828
Flinders,-38.4759,145.02021,2017,NA,14.85,866.4,164828
Flinders,-38.4759,145.02021,2017,NA,14.85,866.4,164828
Flinders,-38.4759,145.02021,2017,5,14.85,866.4,164828
Flinders,-38.4759,145.02021,2017,NA,14.85,866.4,164828
Flinders,-38.4759,145.02021,2017,NA,14.85,866.4,164828
Flinders,-38.4759,145.02021,2017,NA,14.85,866.4,164828
Flinders,-38.4759,145.02021,2017,NA,14.85,866.4,164828
Flinders,-38.4759,145.02021,2018,NA,15,705.5,165728
Flinders,-38.4759,145.02021,2018,NA,15,705.5,165728
Flinders,-38.4759,145.02021,2018,NA,15,705.5,165728
Flinders,-38.4759,145.02021,2018,NA,15,705.5,165728
Flinders,-38.4759,145.02021,2018,NA,15,705.5,165728
Flinders,-38.4759,145.02021,2018,NA,15,705.5,165728
Flinders,-38.4759,145.02021,2018,NA,15,705.5,165728
Flinders,-38.4759,145.02021,2018,NA,15,705.5,165728
Flinders,-38.4759,145.02021,2018,NA,15,705.5,165728
Flinders,-38.4759,145.02021,2018,NA,15,705.5,165728
Flinders,-38.4759,145.02021,2018,NA,15,705.5,165728
Flinders,-38.4759,145.02021,2018,NA,15,705.5,165728
Flinders Foreshore,-38.47554,145.02506,2010,NA,14.75,1019.8,148907
Flinders Foreshore,-38.47554,145.02506,2010,NA,14.75,1019.8,148907
Flinders Foreshore,-38.47554,145.02506,2010,NA,14.75,1019.8,148907
Flinders Foreshore,-38.47554,145.02506,2010,NA,14.75,1019.8,148907
Flinders Foreshore,-38.47554,145.02506,2010,NA,14.75,1019.8,148907
Flinders Foreshore,-38.47554,145.02506,2010,NA,14.75,1019.8,148907
Flinders Foreshore,-38.47554,145.02506,2010,NA,14.75,1019.8,148907
Flinders Foreshore,-38.47554,145.02506,2010,NA,14.75,1019.8,148907
Flinders Foreshore,-38.47554,145.02506,2010,NA,14.75,1019.8,148907
Flinders Foreshore,-38.47554,145.02506,2010,NA,14.75,1019.8,148907
Flinders Foreshore,-38.47554,145.02506,2010,NA,14.75,1019.8,148907
Flinders Foreshore,-38.47554,145.02506,2010,NA,14.75,1019.8,148907
Flinders Foreshore,-38.47554,145.02506,2011,2,14.6,985.2,150436
Flinders Foreshore,-38.47554,145.02506,2011,NA,14.6,985.2,150436
Flinders Foreshore,-38.47554,145.02506,2011,NA,14.6,985.2,150436
Flinders Foreshore,-38.47554,145.02506,2011,NA,14.6,985.2,150436
Flinders Foreshore,-38.47554,145.02506,2011,NA,14.6,985.2,150436
Flinders Foreshore,-38.47554,145.02506,2011,NA,14.6,985.2,150436
Flinders Foreshore,-38.47554,145.02506,2011,NA,14.6,985.2,150436
Flinders Foreshore,-38.47554,145.02506,2011,NA,14.6,985.2,150436
Flinders Foreshore,-38.47554,145.02506,2011,NA,14.6,985.2,150436
Flinders Foreshore,-38.47554,145.02506,2011,NA,14.6,985.2,150436
Flinders Foreshore,-38.47554,145.02506,2011,NA,14.6,985.2,150436
Flinders Foreshore,-38.47554,145.02506,2011,NA,14.6,985.2,150436
Flinders Foreshore,-38.47554,145.02506,2012,NA,14.65,1030.4,152680
Flinders Foreshore,-38.47554,145.02506,2012,NA,14.65,1030.4,152680
Flinders Foreshore,-38.47554,145.02506,2012,NA,14.65,1030.4,152680
Flinders Foreshore,-38.47554,145.02506,2012,NA,14.65,1030.4,152680
Flinders Foreshore,-38.47554,145.02506,2012,NA,14.65,1030.4,152680
Flinders Foreshore,-38.47554,145.02506,2012,NA,14.65,1030.4,152680
Flinders Foreshore,-38.47554,145.02506,2012,NA,14.65,1030.4,152680
Flinders Foreshore,-38.47554,145.02506,2012,NA,14.65,1030.4,152680
Flinders Foreshore,-38.47554,145.02506,2012,NA,14.65,1030.4,152680
Flinders Foreshore,-38.47554,145.02506,2012,NA,14.65,1030.4,152680
Flinders Foreshore,-38.47554,145.02506,2012,NA,14.65,1030.4,152680
Flinders Foreshore,-38.47554,145.02506,2012,NA,14.65,1030.4,152680
Flinders Foreshore,-38.47554,145.02506,2013,NA,15,952.6,154977
Flinders Foreshore,-38.47554,145.02506,2013,NA,15,952.6,154977
Flinders Foreshore,-38.47554,145.02506,2013,2,15,952.6,154977
Flinders Foreshore,-38.47554,145.02506,2013,NA,15,952.6,154977
Flinders Foreshore,-38.47554,145.02506,2013,NA,15,952.6,154977
Flinders Foreshore,-38.47554,145.02506,2013,NA,15,952.6,154977
Flinders Foreshore,-38.47554,145.02506,2013,NA,15,952.6,154977
Flinders Foreshore,-38.47554,145.02506,2013,NA,15,952.6,154977
Flinders Foreshore,-38.47554,145.02506,2013,NA,15,952.6,154977
Flinders Foreshore,-38.47554,145.02506,2013,NA,15,952.6,154977
Flinders Foreshore,-38.47554,145.02506,2013,NA,15,952.6,154977
Flinders Foreshore,-38.47554,145.02506,2013,NA,15,952.6,154977
Flinders Foreshore,-38.47554,145.02506,2014,NA,15.15,734.2,157324
Flinders Foreshore,-38.47554,145.02506,2014,NA,15.15,734.2,157324
Flinders Foreshore,-38.47554,145.02506,2014,NA,15.15,734.2,157324
Flinders Foreshore,-38.47554,145.02506,2014,5,15.15,734.2,157324
Flinders Foreshore,-38.47554,145.02506,2014,NA,15.15,734.2,157324
Flinders Foreshore,-38.47554,145.02506,2014,NA,15.15,734.2,157324
Flinders Foreshore,-38.47554,145.02506,2014,NA,15.15,734.2,157324
Flinders Foreshore,-38.47554,145.02506,2014,NA,15.15,734.2,157324
Flinders Foreshore,-38.47554,145.02506,2014,NA,15.15,734.2,157324
Flinders Foreshore,-38.47554,145.02506,2014,NA,15.15,734.2,157324
Flinders Foreshore,-38.47554,145.02506,2014,NA,15.15,734.2,157324
Flinders Foreshore,-38.47554,145.02506,2014,NA,15.15,734.2,157324
Flinders Foreshore,-38.47554,145.02506,2015,NA,14.6,663.3,159991
Flinders Foreshore,-38.47554,145.02506,2015,NA,14.6,663.3,159991
Flinders Foreshore,-38.47554,145.02506,2015,NA,14.6,663.3,159991
Flinders Foreshore,-38.47554,145.02506,2015,NA,14.6,663.3,159991
Flinders Foreshore,-38.47554,145.02506,2015,NA,14.6,663.3,159991
Flinders Foreshore,-38.47554,145.02506,2015,NA,14.6,663.3,159991
Flinders Foreshore,-38.47554,145.02506,2015,NA,14.6,663.3,159991
Flinders Foreshore,-38.47554,145.02506,2015,NA,14.6,663.3,159991
Flinders Foreshore,-38.47554,145.02506,2015,NA,14.6,663.3,159991
Flinders Foreshore,-38.47554,145.02506,2015,NA,14.6,663.3,159991
Flinders Foreshore,-38.47554,145.02506,2015,NA,14.6,663.3,159991
Flinders Foreshore,-38.47554,145.02506,2015,NA,14.6,663.3,159991
Flinders Foreshore,-38.47554,145.02506,2016,NA,15.05,808.8,162681
Flinders Foreshore,-38.47554,145.02506,2016,NA,15.05,808.8,162681
Flinders Foreshore,-38.47554,145.02506,2016,NA,15.05,808.8,162681
Flinders Foreshore,-38.47554,145.02506,2016,NA,15.05,808.8,162681
Flinders Foreshore,-38.47554,145.02506,2016,NA,15.05,808.8,162681
Flinders Foreshore,-38.47554,145.02506,2016,NA,15.05,808.8,162681
Flinders Foreshore,-38.47554,145.02506,2016,NA,15.05,808.8,162681
Flinders Foreshore,-38.47554,145.02506,2016,NA,15.05,808.8,162681
Flinders Foreshore,-38.47554,145.02506,2016,NA,15.05,808.8,162681
Flinders Foreshore,-38.47554,145.02506,2016,NA,15.05,808.8,162681
Flinders Foreshore,-38.47554,145.02506,2016,NA,15.05,808.8,162681
Flinders Foreshore,-38.47554,145.02506,2016,NA,15.05,808.8,162681
Flinders Foreshore,-38.47554,145.02506,2017,NA,14.85,866.4,164828
Flinders Foreshore,-38.47554,145.02506,2017,NA,14.85,866.4,164828
Flinders Foreshore,-38.47554,145.02506,2017,NA,14.85,866.4,164828
Flinders Foreshore,-38.47554,145.02506,2017,NA,14.85,866.4,164828
Flinders Foreshore,-38.47554,145.02506,2017,NA,14.85,866.4,164828
Flinders Foreshore,-38.47554,145.02506,2017,NA,14.85,866.4,164828
Flinders Foreshore,-38.47554,145.02506,2017,NA,14.85,866.4,164828
Flinders Foreshore,-38.47554,145.02506,2017,NA,14.85,866.4,164828
Flinders Foreshore,-38.47554,145.02506,2017,NA,14.85,866.4,164828
Flinders Foreshore,-38.47554,145.02506,2017,NA,14.85,866.4,164828
Flinders Foreshore,-38.47554,145.02506,2017,NA,14.85,866.4,164828
Flinders Foreshore,-38.47554,145.02506,2017,NA,14.85,866.4,164828
Flinders Foreshore,-38.47554,145.02506,2018,NA,15,705.5,165728
Flinders Foreshore,-38.47554,145.02506,2018,NA,15,705.5,165728
Flinders Foreshore,-38.47554,145.02506,2018,NA,15,705.5,165728
Flinders Foreshore,-38.47554,145.02506,2018,NA,15,705.5,165728
Flinders Foreshore,-38.47554,145.02506,2018,NA,15,705.5,165728
Flinders Foreshore,-38.47554,145.02506,2018,NA,15,705.5,165728
Flinders Foreshore,-38.47554,145.02506,2018,NA,15,705.5,165728
Flinders Foreshore,-38.47554,145.02506,2018,NA,15,705.5,165728
Flinders Foreshore,-38.47554,145.02506,2018,NA,15,705.5,165728
Flinders Foreshore,-38.47554,145.02506,2018,NA,15,705.5,165728
Flinders Foreshore,-38.47554,145.02506,2018,NA,15,705.5,165728
Flinders Foreshore,-38.47554,145.02506,2018,NA,15,705.5,165728
Boags Rocks,-38.43925,144.84773,2010,NA,14.75,1019.8,148907
Boags Rocks,-38.43925,144.84773,2010,NA,14.75,1019.8,148907
Boags Rocks,-38.43925,144.84773,2010,NA,14.75,1019.8,148907
Boags Rocks,-38.43925,144.84773,2010,NA,14.75,1019.8,148907
Boags Rocks,-38.43925,144.84773,2010,NA,14.75,1019.8,148907
Boags Rocks,-38.43925,144.84773,2010,NA,14.75,1019.8,148907
Boags Rocks,-38.43925,144.84773,2010,NA,14.75,1019.8,148907
Boags Rocks,-38.43925,144.84773,2010,NA,14.75,1019.8,148907
Boags Rocks,-38.43925,144.84773,2010,NA,14.75,1019.8,148907
Boags Rocks,-38.43925,144.84773,2010,NA,14.75,1019.8,148907
Boags Rocks,-38.43925,144.84773,2010,NA,14.75,1019.8,148907
Boags Rocks,-38.43925,144.84773,2010,NA,14.75,1019.8,148907
Boags Rocks,-38.43925,144.84773,2011,NA,14.6,985.2,150436
Boags Rocks,-38.43925,144.84773,2011,NA,14.6,985.2,150436
Boags Rocks,-38.43925,144.84773,2011,NA,14.6,985.2,150436
Boags Rocks,-38.43925,144.84773,2011,NA,14.6,985.2,150436
Boags Rocks,-38.43925,144.84773,2011,NA,14.6,985.2,150436
Boags Rocks,-38.43925,144.84773,2011,NA,14.6,985.2,150436
Boags Rocks,-38.43925,144.84773,2011,NA,14.6,985.2,150436
Boags Rocks,-38.43925,144.84773,2011,NA,14.6,985.2,150436
Boags Rocks,-38.43925,144.84773,2011,NA,14.6,985.2,150436
Boags Rocks,-38.43925,144.84773,2011,NA,14.6,985.2,150436
Boags Rocks,-38.43925,144.84773,2011,NA,14.6,985.2,150436
Boags Rocks,-38.43925,144.84773,2011,NA,14.6,985.2,150436
Boags Rocks,-38.43925,144.84773,2012,4,14.65,1030.4,152680
Boags Rocks,-38.43925,144.84773,2012,NA,14.65,1030.4,152680
Boags Rocks,-38.43925,144.84773,2012,NA,14.65,1030.4,152680
Boags Rocks,-38.43925,144.84773,2012,NA,14.65,1030.4,152680
Boags Rocks,-38.43925,144.84773,2012,NA,14.65,1030.4,152680
Boags Rocks,-38.43925,144.84773,2012,NA,14.65,1030.4,152680
Boags Rocks,-38.43925,144.84773,2012,NA,14.65,1030.4,152680
Boags Rocks,-38.43925,144.84773,2012,NA,14.65,1030.4,152680
Boags Rocks,-38.43925,144.84773,2012,NA,14.65,1030.4,152680
Boags Rocks,-38.43925,144.84773,2012,NA,14.65,1030.4,152680
Boags Rocks,-38.43925,144.84773,2012,NA,14.65,1030.4,152680
Boags Rocks,-38.43925,144.84773,2012,NA,14.65,1030.4,152680
Boags Rocks,-38.43925,144.84773,2013,NA,15,952.6,154977
Boags Rocks,-38.43925,144.84773,2013,NA,15,952.6,154977
Boags Rocks,-38.43925,144.84773,2013,NA,15,952.6,154977
Boags Rocks,-38.43925,144.84773,2013,NA,15,952.6,154977
Boags Rocks,-38.43925,144.84773,2013,NA,15,952.6,154977
Boags Rocks,-38.43925,144.84773,2013,NA,15,952.6,154977
Boags Rocks,-38.43925,144.84773,2013,NA,15,952.6,154977
Boags Rocks,-38.43925,144.84773,2013,9,15,952.6,154977
Boags Rocks,-38.43925,144.84773,2013,NA,15,952.6,154977
Boags Rocks,-38.43925,144.84773,2013,NA,15,952.6,154977
Boags Rocks,-38.43925,144.84773,2013,NA,15,952.6,154977
Boags Rocks,-38.43925,144.84773,2013,NA,15,952.6,154977
Boags Rocks,-38.43925,144.84773,2014,NA,15.15,734.2,157324
Boags Rocks,-38.43925,144.84773,2014,NA,15.15,734.2,157324
Boags Rocks,-38.43925,144.84773,2014,NA,15.15,734.2,157324
Boags Rocks,-38.43925,144.84773,2014,NA,15.15,734.2,157324
Boags Rocks,-38.43925,144.84773,2014,NA,15.15,734.2,157324
Boags Rocks,-38.43925,144.84773,2014,NA,15.15,734.2,157324
Boags Rocks,-38.43925,144.84773,2014,NA,15.15,734.2,157324
Boags Rocks,-38.43925,144.84773,2014,NA,15.15,734.2,157324
Boags Rocks,-38.43925,144.84773,2014,NA,15.15,734.2,157324
Boags Rocks,-38.43925,144.84773,2014,NA,15.15,734.2,157324
Boags Rocks,-38.43925,144.84773,2014,NA,15.15,734.2,157324
Boags Rocks,-38.43925,144.84773,2014,NA,15.15,734.2,157324
Boags Rocks,-38.43925,144.84773,2015,NA,14.6,663.3,159991
Boags Rocks,-38.43925,144.84773,2015,NA,14.6,663.3,159991
Boags Rocks,-38.43925,144.84773,2015,NA,14.6,663.3,159991
Boags Rocks,-38.43925,144.84773,2015,NA,14.6,663.3,159991
Boags Rocks,-38.43925,144.84773,2015,NA,14.6,663.3,159991
Boags Rocks,-38.43925,144.84773,2015,NA,14.6,663.3,159991
Boags Rocks,-38.43925,144.84773,2015,NA,14.6,663.3,159991
Boags Rocks,-38.43925,144.84773,2015,NA,14.6,663.3,159991
Boags Rocks,-38.43925,144.84773,2015,NA,14.6,663.3,159991
Boags Rocks,-38.43925,144.84773,2015,NA,14.6,663.3,159991
Boags Rocks,-38.43925,144.84773,2015,NA,14.6,663.3,159991
Boags Rocks,-38.43925,144.84773,2015,NA,14.6,663.3,159991
Boags Rocks,-38.43925,144.84773,2016,NA,15.05,808.8,162681
Boags Rocks,-38.43925,144.84773,2016,NA,15.05,808.8,162681
Boags Rocks,-38.43925,144.84773,2016,NA,15.05,808.8,162681
Boags Rocks,-38.43925,144.84773,2016,NA,15.05,808.8,162681
Boags Rocks,-38.43925,144.84773,2016,NA,15.05,808.8,162681
Boags Rocks,-38.43925,144.84773,2016,NA,15.05,808.8,162681
Boags Rocks,-38.43925,144.84773,2016,NA,15.05,808.8,162681
Boags Rocks,-38.43925,144.84773,2016,NA,15.05,808.8,162681
Boags Rocks,-38.43925,144.84773,2016,NA,15.05,808.8,162681
Boags Rocks,-38.43925,144.84773,2016,NA,15.05,808.8,162681
Boags Rocks,-38.43925,144.84773,2016,NA,15.05,808.8,162681
Boags Rocks,-38.43925,144.84773,2016,NA,15.05,808.8,162681
Boags Rocks,-38.43925,144.84773,2017,NA,14.85,866.4,164828
Boags Rocks,-38.43925,144.84773,2017,NA,14.85,866.4,164828
Boags Rocks,-38.43925,144.84773,2017,NA,14.85,866.4,164828
Boags Rocks,-38.43925,144.84773,2017,NA,14.85,866.4,164828
Boags Rocks,-38.43925,144.84773,2017,NA,14.85,866.4,164828
Boags Rocks,-38.43925,144.84773,2017,NA,14.85,866.4,164828
Boags Rocks,-38.43925,144.84773,2017,NA,14.85,866.4,164828
Boags Rocks,-38.43925,144.84773,2017,NA,14.85,866.4,164828
Boags Rocks,-38.43925,144.84773,2017,NA,14.85,866.4,164828
Boags Rocks,-38.43925,144.84773,2017,NA,14.85,866.4,164828
Boags Rocks,-38.43925,144.84773,2017,NA,14.85,866.4,164828
Boags Rocks,-38.43925,144.84773,2017,NA,14.85,866.4,164828
Boags Rocks,-38.43925,144.84773,2018,NA,15,705.5,165728
Boags Rocks,-38.43925,144.84773,2018,NA,15,705.5,165728
Boags Rocks,-38.43925,144.84773,2018,NA,15,705.5,165728
Boags Rocks,-38.43925,144.84773,2018,NA,15,705.5,165728
Boags Rocks,-38.43925,144.84773,2018,NA,15,705.5,165728
Boags Rocks,-38.43925,144.84773,2018,NA,15,705.5,165728
Boags Rocks,-38.43925,144.84773,2018,NA,15,705.5,165728
Boags Rocks,-38.43925,144.84773,2018,NA,15,705.5,165728
Boags Rocks,-38.43925,144.84773,2018,NA,15,705.5,165728
Boags Rocks,-38.43925,144.84773,2018,NA,15,705.5,165728
Boags Rocks,-38.43925,144.84773,2018,NA,15,705.5,165728
Boags Rocks,-38.43925,144.84773,2018,5,15,705.5,165728
Flinders Ocean Beach,-38.48315,145.01804,2010,NA,14.75,1019.8,148907
Flinders Ocean Beach,-38.48315,145.01804,2010,NA,14.75,1019.8,148907
Flinders Ocean Beach,-38.48315,145.01804,2010,NA,14.75,1019.8,148907
Flinders Ocean Beach,-38.48315,145.01804,2010,NA,14.75,1019.8,148907
Flinders Ocean Beach,-38.48315,145.01804,2010,NA,14.75,1019.8,148907
Flinders Ocean Beach,-38.48315,145.01804,2010,NA,14.75,1019.8,148907
Flinders Ocean Beach,-38.48315,145.01804,2010,NA,14.75,1019.8,148907
Flinders Ocean Beach,-38.48315,145.01804,2010,NA,14.75,1019.8,148907
Flinders Ocean Beach,-38.48315,145.01804,2010,NA,14.75,1019.8,148907
Flinders Ocean Beach,-38.48315,145.01804,2010,NA,14.75,1019.8,148907
Flinders Ocean Beach,-38.48315,145.01804,2010,NA,14.75,1019.8,148907
Flinders Ocean Beach,-38.48315,145.01804,2010,2,14.75,1019.8,148907
Flinders Ocean Beach,-38.48315,145.01804,2011,NA,14.6,985.2,150436
Flinders Ocean Beach,-38.48315,145.01804,2011,NA,14.6,985.2,150436
Flinders Ocean Beach,-38.48315,145.01804,2011,NA,14.6,985.2,150436
Flinders Ocean Beach,-38.48315,145.01804,2011,NA,14.6,985.2,150436
Flinders Ocean Beach,-38.48315,145.01804,2011,NA,14.6,985.2,150436
Flinders Ocean Beach,-38.48315,145.01804,2011,2,14.6,985.2,150436
Flinders Ocean Beach,-38.48315,145.01804,2011,NA,14.6,985.2,150436
Flinders Ocean Beach,-38.48315,145.01804,2011,NA,14.6,985.2,150436
Flinders Ocean Beach,-38.48315,145.01804,2011,NA,14.6,985.2,150436
Flinders Ocean Beach,-38.48315,145.01804,2011,NA,14.6,985.2,150436
Flinders Ocean Beach,-38.48315,145.01804,2011,NA,14.6,985.2,150436
Flinders Ocean Beach,-38.48315,145.01804,2011,NA,14.6,985.2,150436
Flinders Ocean Beach,-38.48315,145.01804,2012,NA,14.65,1030.4,152680
Flinders Ocean Beach,-38.48315,145.01804,2012,NA,14.65,1030.4,152680
Flinders Ocean Beach,-38.48315,145.01804,2012,NA,14.65,1030.4,152680
Flinders Ocean Beach,-38.48315,145.01804,2012,NA,14.65,1030.4,152680
Flinders Ocean Beach,-38.48315,145.01804,2012,NA,14.65,1030.4,152680
Flinders Ocean Beach,-38.48315,145.01804,2012,NA,14.65,1030.4,152680
Flinders Ocean Beach,-38.48315,145.01804,2012,NA,14.65,1030.4,152680
Flinders Ocean Beach,-38.48315,145.01804,2012,NA,14.65,1030.4,152680
Flinders Ocean Beach,-38.48315,145.01804,2012,5,14.65,1030.4,152680
Flinders Ocean Beach,-38.48315,145.01804,2012,NA,14.65,1030.4,152680
Flinders Ocean Beach,-38.48315,145.01804,2012,NA,14.65,1030.4,152680
Flinders Ocean Beach,-38.48315,145.01804,2012,NA,14.65,1030.4,152680
Flinders Ocean Beach,-38.48315,145.01804,2013,NA,15,952.6,154977
Flinders Ocean Beach,-38.48315,145.01804,2013,NA,15,952.6,154977
Flinders Ocean Beach,-38.48315,145.01804,2013,NA,15,952.6,154977
Flinders Ocean Beach,-38.48315,145.01804,2013,NA,15,952.6,154977
Flinders Ocean Beach,-38.48315,145.01804,2013,NA,15,952.6,154977
Flinders Ocean Beach,-38.48315,145.01804,2013,NA,15,952.6,154977
Flinders Ocean Beach,-38.48315,145.01804,2013,NA,15,952.6,154977
Flinders Ocean Beach,-38.48315,145.01804,2013,2,15,952.6,154977
Flinders Ocean Beach,-38.48315,145.01804,2013,NA,15,952.6,154977
Flinders Ocean Beach,-38.48315,145.01804,2013,NA,15,952.6,154977
Flinders Ocean Beach,-38.48315,145.01804,2013,NA,15,952.6,154977
Flinders Ocean Beach,-38.48315,145.01804,2013,NA,15,952.6,154977
Flinders Ocean Beach,-38.48315,145.01804,2014,NA,15.15,734.2,157324
Flinders Ocean Beach,-38.48315,145.01804,2014,NA,15.15,734.2,157324
Flinders Ocean Beach,-38.48315,145.01804,2014,12,15.15,734.2,157324
Flinders Ocean Beach,-38.48315,145.01804,2014,7,15.15,734.2,157324
Flinders Ocean Beach,-38.48315,145.01804,2014,NA,15.15,734.2,157324
Flinders Ocean Beach,-38.48315,145.01804,2014,NA,15.15,734.2,157324
Flinders Ocean Beach,-38.48315,145.01804,2014,2,15.15,734.2,157324
Flinders Ocean Beach,-38.48315,145.01804,2014,2,15.15,734.2,157324
Flinders Ocean Beach,-38.48315,145.01804,2014,NA,15.15,734.2,157324
Flinders Ocean Beach,-38.48315,145.01804,2014,NA,15.15,734.2,157324
Flinders Ocean Beach,-38.48315,145.01804,2014,NA,15.15,734.2,157324
Flinders Ocean Beach,-38.48315,145.01804,2014,NA,15.15,734.2,157324
Flinders Ocean Beach,-38.48315,145.01804,2015,7,14.6,663.3,159991
Flinders Ocean Beach,-38.48315,145.01804,2015,4,14.6,663.3,159991
Flinders Ocean Beach,-38.48315,145.01804,2015,5,14.6,663.3,159991
Flinders Ocean Beach,-38.48315,145.01804,2015,5,14.6,663.3,159991
Flinders Ocean Beach,-38.48315,145.01804,2015,8,14.6,663.3,159991
Flinders Ocean Beach,-38.48315,145.01804,2015,NA,14.6,663.3,159991
Flinders Ocean Beach,-38.48315,145.01804,2015,4,14.6,663.3,159991
Flinders Ocean Beach,-38.48315,145.01804,2015,4,14.6,663.3,159991
Flinders Ocean Beach,-38.48315,145.01804,2015,NA,14.6,663.3,159991
Flinders Ocean Beach,-38.48315,145.01804,2015,NA,14.6,663.3,159991
Flinders Ocean Beach,-38.48315,145.01804,2015,NA,14.6,663.3,159991
Flinders Ocean Beach,-38.48315,145.01804,2015,NA,14.6,663.3,159991
Flinders Ocean Beach,-38.48315,145.01804,2016,2,15.05,808.8,162681
Flinders Ocean Beach,-38.48315,145.01804,2016,2,15.05,808.8,162681
Flinders Ocean Beach,-38.48315,145.01804,2016,NA,15.05,808.8,162681
Flinders Ocean Beach,-38.48315,145.01804,2016,2,15.05,808.8,162681
Flinders Ocean Beach,-38.48315,145.01804,2016,9,15.05,808.8,162681
Flinders Ocean Beach,-38.48315,145.01804,2016,7,15.05,808.8,162681
Flinders Ocean Beach,-38.48315,145.01804,2016,5,15.05,808.8,162681
Flinders Ocean Beach,-38.48315,145.01804,2016,NA,15.05,808.8,162681
Flinders Ocean Beach,-38.48315,145.01804,2016,NA,15.05,808.8,162681
Flinders Ocean Beach,-38.48315,145.01804,2016,4,15.05,808.8,162681
Flinders Ocean Beach,-38.48315,145.01804,2016,NA,15.05,808.8,162681
Flinders Ocean Beach,-38.48315,145.01804,2016,NA,15.05,808.8,162681
Flinders Ocean Beach,-38.48315,145.01804,2017,4,14.85,866.4,164828
Flinders Ocean Beach,-38.48315,145.01804,2017,3,14.85,866.4,164828
Flinders Ocean Beach,-38.48315,145.01804,2017,3,14.85,866.4,164828
Flinders Ocean Beach,-38.48315,145.01804,2017,12,14.85,866.4,164828
Flinders Ocean Beach,-38.48315,145.01804,2017,NA,14.85,866.4,164828
Flinders Ocean Beach,-38.48315,145.01804,2017,NA,14.85,866.4,164828
Flinders Ocean Beach,-38.48315,145.01804,2017,NA,14.85,866.4,164828
Flinders Ocean Beach,-38.48315,145.01804,2017,4,14.85,866.4,164828
Flinders Ocean Beach,-38.48315,145.01804,2017,NA,14.85,866.4,164828
Flinders Ocean Beach,-38.48315,145.01804,2017,2,14.85,866.4,164828
Flinders Ocean Beach,-38.48315,145.01804,2017,NA,14.85,866.4,164828
Flinders Ocean Beach,-38.48315,145.01804,2017,NA,14.85,866.4,164828
Flinders Ocean Beach,-38.48315,145.01804,2018,2,15,705.5,165728
Flinders Ocean Beach,-38.48315,145.01804,2018,NA,15,705.5,165728
Flinders Ocean Beach,-38.48315,145.01804,2018,NA,15,705.5,165728
Flinders Ocean Beach,-38.48315,145.01804,2018,1,15,705.5,165728
Flinders Ocean Beach,-38.48315,145.01804,2018,NA,15,705.5,165728
Flinders Ocean Beach,-38.48315,145.01804,2018,4,15,705.5,165728
Flinders Ocean Beach,-38.48315,145.01804,2018,4,15,705.5,165728
Flinders Ocean Beach,-38.48315,145.01804,2018,6,15,705.5,165728
Flinders Ocean Beach,-38.48315,145.01804,2018,NA,15,705.5,165728
Flinders Ocean Beach,-38.48315,145.01804,2018,NA,15,705.5,165728
Flinders Ocean Beach,-38.48315,145.01804,2018,7,15,705.5,165728
Flinders Ocean Beach,-38.48315,145.01804,2018,NA,15,705.5,165728
Gunnamatta Beach,-38.44659,144.85542,2010,NA,14.75,1019.8,148907
Gunnamatta Beach,-38.44659,144.85542,2010,NA,14.75,1019.8,148907
Gunnamatta Beach,-38.44659,144.85542,2010,NA,14.75,1019.8,148907
Gunnamatta Beach,-38.44659,144.85542,2010,NA,14.75,1019.8,148907
Gunnamatta Beach,-38.44659,144.85542,2010,NA,14.75,1019.8,148907
Gunnamatta Beach,-38.44659,144.85542,2010,NA,14.75,1019.8,148907
Gunnamatta Beach,-38.44659,144.85542,2010,NA,14.75,1019.8,148907
Gunnamatta Beach,-38.44659,144.85542,2010,8,14.75,1019.8,148907
Gunnamatta Beach,-38.44659,144.85542,2010,NA,14.75,1019.8,148907
Gunnamatta Beach,-38.44659,144.85542,2010,9,14.75,1019.8,148907
Gunnamatta Beach,-38.44659,144.85542,2010,16,14.75,1019.8,148907
Gunnamatta Beach,-38.44659,144.85542,2010,46,14.75,1019.8,148907
Gunnamatta Beach,-38.44659,144.85542,2011,14,14.6,985.2,150436
Gunnamatta Beach,-38.44659,144.85542,2011,3,14.6,985.2,150436
Gunnamatta Beach,-38.44659,144.85542,2011,3,14.6,985.2,150436
Gunnamatta Beach,-38.44659,144.85542,2011,NA,14.6,985.2,150436
Gunnamatta Beach,-38.44659,144.85542,2011,2,14.6,985.2,150436
Gunnamatta Beach,-38.44659,144.85542,2011,6,14.6,985.2,150436
Gunnamatta Beach,-38.44659,144.85542,2011,2,14.6,985.2,150436
Gunnamatta Beach,-38.44659,144.85542,2011,10,14.6,985.2,150436
Gunnamatta Beach,-38.44659,144.85542,2011,NA,14.6,985.2,150436
Gunnamatta Beach,-38.44659,144.85542,2011,24,14.6,985.2,150436
Gunnamatta Beach,-38.44659,144.85542,2011,56,14.6,985.2,150436
Gunnamatta Beach,-38.44659,144.85542,2011,NA,14.6,985.2,150436
Gunnamatta Beach,-38.44659,144.85542,2012,29,14.65,1030.4,152680
Gunnamatta Beach,-38.44659,144.85542,2012,6,14.65,1030.4,152680
Gunnamatta Beach,-38.44659,144.85542,2012,3,14.65,1030.4,152680
Gunnamatta Beach,-38.44659,144.85542,2012,NA,14.65,1030.4,152680
Gunnamatta Beach,-38.44659,144.85542,2012,13,14.65,1030.4,152680
Gunnamatta Beach,-38.44659,144.85542,2012,42,14.65,1030.4,152680
Gunnamatta Beach,-38.44659,144.85542,2012,9,14.65,1030.4,152680
Gunnamatta Beach,-38.44659,144.85542,2012,19,14.65,1030.4,152680
Gunnamatta Beach,-38.44659,144.85542,2012,42,14.65,1030.4,152680
Gunnamatta Beach,-38.44659,144.85542,2012,47,14.65,1030.4,152680
Gunnamatta Beach,-38.44659,144.85542,2012,45,14.65,1030.4,152680
Gunnamatta Beach,-38.44659,144.85542,2012,62,14.65,1030.4,152680
Gunnamatta Beach,-38.44659,144.85542,2013,114,15,952.6,154977
Gunnamatta Beach,-38.44659,144.85542,2013,87,15,952.6,154977
Gunnamatta Beach,-38.44659,144.85542,2013,10,15,952.6,154977
Gunnamatta Beach,-38.44659,144.85542,2013,NA,15,952.6,154977
Gunnamatta Beach,-38.44659,144.85542,2013,NA,15,952.6,154977
Gunnamatta Beach,-38.44659,144.85542,2013,NA,15,952.6,154977
Gunnamatta Beach,-38.44659,144.85542,2013,NA,15,952.6,154977
Gunnamatta Beach,-38.44659,144.85542,2013,NA,15,952.6,154977
Gunnamatta Beach,-38.44659,144.85542,2013,12,15,952.6,154977
Gunnamatta Beach,-38.44659,144.85542,2013,27,15,952.6,154977
Gunnamatta Beach,-38.44659,144.85542,2013,50,15,952.6,154977
Gunnamatta Beach,-38.44659,144.85542,2013,NA,15,952.6,154977
Gunnamatta Beach,-38.44659,144.85542,2014,NA,15.15,734.2,157324
Gunnamatta Beach,-38.44659,144.85542,2014,22,15.15,734.2,157324
Gunnamatta Beach,-38.44659,144.85542,2014,3,15.15,734.2,157324
Gunnamatta Beach,-38.44659,144.85542,2014,13,15.15,734.2,157324
Gunnamatta Beach,-38.44659,144.85542,2014,13,15.15,734.2,157324
Gunnamatta Beach,-38.44659,144.85542,2014,12,15.15,734.2,157324
Gunnamatta Beach,-38.44659,144.85542,2014,6,15.15,734.2,157324
Gunnamatta Beach,-38.44659,144.85542,2014,15,15.15,734.2,157324
Gunnamatta Beach,-38.44659,144.85542,2014,NA,15.15,734.2,157324
Gunnamatta Beach,-38.44659,144.85542,2014,NA,15.15,734.2,157324
Gunnamatta Beach,-38.44659,144.85542,2014,NA,15.15,734.2,157324
Gunnamatta Beach,-38.44659,144.85542,2014,40,15.15,734.2,157324
Gunnamatta Beach,-38.44659,144.85542,2015,58,14.6,663.3,159991
Gunnamatta Beach,-38.44659,144.85542,2015,18,14.6,663.3,159991
Gunnamatta Beach,-38.44659,144.85542,2015,NA,14.6,663.3,159991
Gunnamatta Beach,-38.44659,144.85542,2015,15,14.6,663.3,159991
Gunnamatta Beach,-38.44659,144.85542,2015,10,14.6,663.3,159991
Gunnamatta Beach,-38.44659,144.85542,2015,14,14.6,663.3,159991
Gunnamatta Beach,-38.44659,144.85542,2015,16,14.6,663.3,159991
Gunnamatta Beach,-38.44659,144.85542,2015,14,14.6,663.3,159991
Gunnamatta Beach,-38.44659,144.85542,2015,28,14.6,663.3,159991
Gunnamatta Beach,-38.44659,144.85542,2015,128,14.6,663.3,159991
Gunnamatta Beach,-38.44659,144.85542,2015,79,14.6,663.3,159991
Gunnamatta Beach,-38.44659,144.85542,2015,72,14.6,663.3,159991
Gunnamatta Beach,-38.44659,144.85542,2016,25,15.05,808.8,162681
Gunnamatta Beach,-38.44659,144.85542,2016,19,15.05,808.8,162681
Gunnamatta Beach,-38.44659,144.85542,2016,8,15.05,808.8,162681
Gunnamatta Beach,-38.44659,144.85542,2016,NA,15.05,808.8,162681
Gunnamatta Beach,-38.44659,144.85542,2016,NA,15.05,808.8,162681
Gunnamatta Beach,-38.44659,144.85542,2016,26,15.05,808.8,162681
Gunnamatta Beach,-38.44659,144.85542,2016,19,15.05,808.8,162681
Gunnamatta Beach,-38.44659,144.85542,2016,26,15.05,808.8,162681
Gunnamatta Beach,-38.44659,144.85542,2016,34,15.05,808.8,162681
Gunnamatta Beach,-38.44659,144.85542,2016,16,15.05,808.8,162681
Gunnamatta Beach,-38.44659,144.85542,2016,19,15.05,808.8,162681
Gunnamatta Beach,-38.44659,144.85542,2016,NA,15.05,808.8,162681
Gunnamatta Beach,-38.44659,144.85542,2017,23,14.85,866.4,164828
Gunnamatta Beach,-38.44659,144.85542,2017,34,14.85,866.4,164828
Gunnamatta Beach,-38.44659,144.85542,2017,NA,14.85,866.4,164828
Gunnamatta Beach,-38.44659,144.85542,2017,2,14.85,866.4,164828
Gunnamatta Beach,-38.44659,144.85542,2017,NA,14.85,866.4,164828
Gunnamatta Beach,-38.44659,144.85542,2017,2,14.85,866.4,164828
Gunnamatta Beach,-38.44659,144.85542,2017,NA,14.85,866.4,164828
Gunnamatta Beach,-38.44659,144.85542,2017,36,14.85,866.4,164828
Gunnamatta Beach,-38.44659,144.85542,2017,24,14.85,866.4,164828
Gunnamatta Beach,-38.44659,144.85542,2017,30,14.85,866.4,164828
Gunnamatta Beach,-38.44659,144.85542,2017,41,14.85,866.4,164828
Gunnamatta Beach,-38.44659,144.85542,2017,34,14.85,866.4,164828
Gunnamatta Beach,-38.44659,144.85542,2018,59,15,705.5,165728
Gunnamatta Beach,-38.44659,144.85542,2018,12,15,705.5,165728
Gunnamatta Beach,-38.44659,144.85542,2018,NA,15,705.5,165728
Gunnamatta Beach,-38.44659,144.85542,2018,NA,15,705.5,165728
Gunnamatta Beach,-38.44659,144.85542,2018,NA,15,705.5,165728
Gunnamatta Beach,-38.44659,144.85542,2018,24,15,705.5,165728
Gunnamatta Beach,-38.44659,144.85542,2018,NA,15,705.5,165728
Gunnamatta Beach,-38.44659,144.85542,2018,NA,15,705.5,165728
Gunnamatta Beach,-38.44659,144.85542,2018,40,15,705.5,165728
Gunnamatta Beach,-38.44659,144.85542,2018,32,15,705.5,165728
Gunnamatta Beach,-38.44659,144.85542,2018,49,15,705.5,165728
Gunnamatta Beach,-38.44659,144.85542,2018,56,15,705.5,165728
Koonya Beach,-38.36291,144.75154,2010,NA,14.75,1019.8,148907
Koonya Beach,-38.36291,144.75154,2010,5,14.75,1019.8,148907
Koonya Beach,-38.36291,144.75154,2010,NA,14.75,1019.8,148907
Koonya Beach,-38.36291,144.75154,2010,NA,14.75,1019.8,148907
Koonya Beach,-38.36291,144.75154,2010,NA,14.75,1019.8,148907
Koonya Beach,-38.36291,144.75154,2010,NA,14.75,1019.8,148907
Koonya Beach,-38.36291,144.75154,2010,NA,14.75,1019.8,148907
Koonya Beach,-38.36291,144.75154,2010,NA,14.75,1019.8,148907
Koonya Beach,-38.36291,144.75154,2010,NA,14.75,1019.8,148907
Koonya Beach,-38.36291,144.75154,2010,NA,14.75,1019.8,148907
Koonya Beach,-38.36291,144.75154,2010,4,14.75,1019.8,148907
Koonya Beach,-38.36291,144.75154,2010,1,14.75,1019.8,148907
Koonya Beach,-38.36291,144.75154,2011,NA,14.6,985.2,150436
Koonya Beach,-38.36291,144.75154,2011,NA,14.6,985.2,150436
Koonya Beach,-38.36291,144.75154,2011,NA,14.6,985.2,150436
Koonya Beach,-38.36291,144.75154,2011,NA,14.6,985.2,150436
Koonya Beach,-38.36291,144.75154,2011,NA,14.6,985.2,150436
Koonya Beach,-38.36291,144.75154,2011,NA,14.6,985.2,150436
Koonya Beach,-38.36291,144.75154,2011,NA,14.6,985.2,150436
Koonya Beach,-38.36291,144.75154,2011,NA,14.6,985.2,150436
Koonya Beach,-38.36291,144.75154,2011,NA,14.6,985.2,150436
Koonya Beach,-38.36291,144.75154,2011,NA,14.6,985.2,150436
Koonya Beach,-38.36291,144.75154,2011,NA,14.6,985.2,150436
Koonya Beach,-38.36291,144.75154,2011,NA,14.6,985.2,150436
Koonya Beach,-38.36291,144.75154,2012,NA,14.65,1030.4,152680
Koonya Beach,-38.36291,144.75154,2012,NA,14.65,1030.4,152680
Koonya Beach,-38.36291,144.75154,2012,NA,14.65,1030.4,152680
Koonya Beach,-38.36291,144.75154,2012,NA,14.65,1030.4,152680
Koonya Beach,-38.36291,144.75154,2012,NA,14.65,1030.4,152680
Koonya Beach,-38.36291,144.75154,2012,NA,14.65,1030.4,152680
Koonya Beach,-38.36291,144.75154,2012,NA,14.65,1030.4,152680
Koonya Beach,-38.36291,144.75154,2012,NA,14.65,1030.4,152680
Koonya Beach,-38.36291,144.75154,2012,4,14.65,1030.4,152680
Koonya Beach,-38.36291,144.75154,2012,NA,14.65,1030.4,152680
Koonya Beach,-38.36291,144.75154,2012,NA,14.65,1030.4,152680
Koonya Beach,-38.36291,144.75154,2012,NA,14.65,1030.4,152680
Koonya Beach,-38.36291,144.75154,2013,NA,15,952.6,154977
Koonya Beach,-38.36291,144.75154,2013,NA,15,952.6,154977
Koonya Beach,-38.36291,144.75154,2013,NA,15,952.6,154977
Koonya Beach,-38.36291,144.75154,2013,NA,15,952.6,154977
Koonya Beach,-38.36291,144.75154,2013,NA,15,952.6,154977
Koonya Beach,-38.36291,144.75154,2013,NA,15,952.6,154977
Koonya Beach,-38.36291,144.75154,2013,NA,15,952.6,154977
Koonya Beach,-38.36291,144.75154,2013,NA,15,952.6,154977
Koonya Beach,-38.36291,144.75154,2013,NA,15,952.6,154977
Koonya Beach,-38.36291,144.75154,2013,NA,15,952.6,154977
Koonya Beach,-38.36291,144.75154,2013,NA,15,952.6,154977
Koonya Beach,-38.36291,144.75154,2013,NA,15,952.6,154977
Koonya Beach,-38.36291,144.75154,2014,NA,15.15,734.2,157324
Koonya Beach,-38.36291,144.75154,2014,NA,15.15,734.2,157324
Koonya Beach,-38.36291,144.75154,2014,NA,15.15,734.2,157324
Koonya Beach,-38.36291,144.75154,2014,NA,15.15,734.2,157324
Koonya Beach,-38.36291,144.75154,2014,NA,15.15,734.2,157324
Koonya Beach,-38.36291,144.75154,2014,NA,15.15,734.2,157324
Koonya Beach,-38.36291,144.75154,2014,NA,15.15,734.2,157324
Koonya Beach,-38.36291,144.75154,2014,NA,15.15,734.2,157324
Koonya Beach,-38.36291,144.75154,2014,NA,15.15,734.2,157324
Koonya Beach,-38.36291,144.75154,2014,NA,15.15,734.2,157324
Koonya Beach,-38.36291,144.75154,2014,NA,15.15,734.2,157324
Koonya Beach,-38.36291,144.75154,2014,NA,15.15,734.2,157324
Koonya Beach,-38.36291,144.75154,2015,NA,14.6,663.3,159991
Koonya Beach,-38.36291,144.75154,2015,NA,14.6,663.3,159991
Koonya Beach,-38.36291,144.75154,2015,NA,14.6,663.3,159991
Koonya Beach,-38.36291,144.75154,2015,NA,14.6,663.3,159991
Koonya Beach,-38.36291,144.75154,2015,NA,14.6,663.3,159991
Koonya Beach,-38.36291,144.75154,2015,NA,14.6,663.3,159991
Koonya Beach,-38.36291,144.75154,2015,NA,14.6,663.3,159991
Koonya Beach,-38.36291,144.75154,2015,NA,14.6,663.3,159991
Koonya Beach,-38.36291,144.75154,2015,NA,14.6,663.3,159991
Koonya Beach,-38.36291,144.75154,2015,NA,14.6,663.3,159991
Koonya Beach,-38.36291,144.75154,2015,NA,14.6,663.3,159991
Koonya Beach,-38.36291,144.75154,2015,NA,14.6,663.3,159991
Koonya Beach,-38.36291,144.75154,2016,NA,15.05,808.8,162681
Koonya Beach,-38.36291,144.75154,2016,NA,15.05,808.8,162681
Koonya Beach,-38.36291,144.75154,2016,NA,15.05,808.8,162681
Koonya Beach,-38.36291,144.75154,2016,NA,15.05,808.8,162681
Koonya Beach,-38.36291,144.75154,2016,NA,15.05,808.8,162681
Koonya Beach,-38.36291,144.75154,2016,2,15.05,808.8,162681
Koonya Beach,-38.36291,144.75154,2016,NA,15.05,808.8,162681
Koonya Beach,-38.36291,144.75154,2016,NA,15.05,808.8,162681
Koonya Beach,-38.36291,144.75154,2016,6,15.05,808.8,162681
Koonya Beach,-38.36291,144.75154,2016,NA,15.05,808.8,162681
Koonya Beach,-38.36291,144.75154,2016,NA,15.05,808.8,162681
Koonya Beach,-38.36291,144.75154,2016,NA,15.05,808.8,162681
Koonya Beach,-38.36291,144.75154,2017,NA,14.85,866.4,164828
Koonya Beach,-38.36291,144.75154,2017,8,14.85,866.4,164828
Koonya Beach,-38.36291,144.75154,2017,NA,14.85,866.4,164828
Koonya Beach,-38.36291,144.75154,2017,NA,14.85,866.4,164828
Koonya Beach,-38.36291,144.75154,2017,NA,14.85,866.4,164828
Koonya Beach,-38.36291,144.75154,2017,NA,14.85,866.4,164828
Koonya Beach,-38.36291,144.75154,2017,NA,14.85,866.4,164828
Koonya Beach,-38.36291,144.75154,2017,NA,14.85,866.4,164828
Koonya Beach,-38.36291,144.75154,2017,NA,14.85,866.4,164828
Koonya Beach,-38.36291,144.75154,2017,NA,14.85,866.4,164828
Koonya Beach,-38.36291,144.75154,2017,NA,14.85,866.4,164828
Koonya Beach,-38.36291,144.75154,2017,NA,14.85,866.4,164828
Koonya Beach,-38.36291,144.75154,2018,NA,15,705.5,165728
Koonya Beach,-38.36291,144.75154,2018,NA,15,705.5,165728
Koonya Beach,-38.36291,144.75154,2018,NA,15,705.5,165728
Koonya Beach,-38.36291,144.75154,2018,NA,15,705.5,165728
Koonya Beach,-38.36291,144.75154,2018,NA,15,705.5,165728
Koonya Beach,-38.36291,144.75154,2018,NA,15,705.5,165728
Koonya Beach,-38.36291,144.75154,2018,NA,15,705.5,165728
Koonya Beach,-38.36291,144.75154,2018,NA,15,705.5,165728
Koonya Beach,-38.36291,144.75154,2018,NA,15,705.5,165728
Koonya Beach,-38.36291,144.75154,2018,NA,15,705.5,165728
Koonya Beach,-38.36291,144.75154,2018,2,15,705.5,165728
Koonya Beach,-38.36291,144.75154,2018,4,15,705.5,165728
Moana Court,-38.42826,144.83649,2010,NA,14.75,1019.8,148907
Moana Court,-38.42826,144.83649,2010,NA,14.75,1019.8,148907
Moana Court,-38.42826,144.83649,2010,34,14.75,1019.8,148907
Moana Court,-38.42826,144.83649,2010,30,14.75,1019.8,148907
Moana Court,-38.42826,144.83649,2010,NA,14.75,1019.8,148907
Moana Court,-38.42826,144.83649,2010,34,14.75,1019.8,148907
Moana Court,-38.42826,144.83649,2010,NA,14.75,1019.8,148907
Moana Court,-38.42826,144.83649,2010,NA,14.75,1019.8,148907
Moana Court,-38.42826,144.83649,2010,NA,14.75,1019.8,148907
Moana Court,-38.42826,144.83649,2010,NA,14.75,1019.8,148907
Moana Court,-38.42826,144.83649,2010,NA,14.75,1019.8,148907
Moana Court,-38.42826,144.83649,2010,NA,14.75,1019.8,148907
Moana Court,-38.42826,144.83649,2011,NA,14.6,985.2,150436
Moana Court,-38.42826,144.83649,2011,NA,14.6,985.2,150436
Moana Court,-38.42826,144.83649,2011,NA,14.6,985.2,150436
Moana Court,-38.42826,144.83649,2011,NA,14.6,985.2,150436
Moana Court,-38.42826,144.83649,2011,NA,14.6,985.2,150436
Moana Court,-38.42826,144.83649,2011,NA,14.6,985.2,150436
Moana Court,-38.42826,144.83649,2011,NA,14.6,985.2,150436
Moana Court,-38.42826,144.83649,2011,NA,14.6,985.2,150436
Moana Court,-38.42826,144.83649,2011,NA,14.6,985.2,150436
Moana Court,-38.42826,144.83649,2011,NA,14.6,985.2,150436
Moana Court,-38.42826,144.83649,2011,NA,14.6,985.2,150436
Moana Court,-38.42826,144.83649,2011,NA,14.6,985.2,150436
Moana Court,-38.42826,144.83649,2012,NA,14.65,1030.4,152680
Moana Court,-38.42826,144.83649,2012,NA,14.65,1030.4,152680
Moana Court,-38.42826,144.83649,2012,NA,14.65,1030.4,152680
Moana Court,-38.42826,144.83649,2012,NA,14.65,1030.4,152680
Moana Court,-38.42826,144.83649,2012,NA,14.65,1030.4,152680
Moana Court,-38.42826,144.83649,2012,NA,14.65,1030.4,152680
Moana Court,-38.42826,144.83649,2012,NA,14.65,1030.4,152680
Moana Court,-38.42826,144.83649,2012,NA,14.65,1030.4,152680
Moana Court,-38.42826,144.83649,2012,NA,14.65,1030.4,152680
Moana Court,-38.42826,144.83649,2012,NA,14.65,1030.4,152680
Moana Court,-38.42826,144.83649,2012,NA,14.65,1030.4,152680
Moana Court,-38.42826,144.83649,2012,NA,14.65,1030.4,152680
Moana Court,-38.42826,144.83649,2013,NA,15,952.6,154977
Moana Court,-38.42826,144.83649,2013,NA,15,952.6,154977
Moana Court,-38.42826,144.83649,2013,NA,15,952.6,154977
Moana Court,-38.42826,144.83649,2013,NA,15,952.6,154977
Moana Court,-38.42826,144.83649,2013,NA,15,952.6,154977
Moana Court,-38.42826,144.83649,2013,20,15,952.6,154977
Moana Court,-38.42826,144.83649,2013,NA,15,952.6,154977
Moana Court,-38.42826,144.83649,2013,NA,15,952.6,154977
Moana Court,-38.42826,144.83649,2013,NA,15,952.6,154977
Moana Court,-38.42826,144.83649,2013,NA,15,952.6,154977
Moana Court,-38.42826,144.83649,2013,NA,15,952.6,154977
Moana Court,-38.42826,144.83649,2013,NA,15,952.6,154977
Moana Court,-38.42826,144.83649,2014,NA,15.15,734.2,157324
Moana Court,-38.42826,144.83649,2014,NA,15.15,734.2,157324
Moana Court,-38.42826,144.83649,2014,NA,15.15,734.2,157324
Moana Court,-38.42826,144.83649,2014,NA,15.15,734.2,157324
Moana Court,-38.42826,144.83649,2014,NA,15.15,734.2,157324
Moana Court,-38.42826,144.83649,2014,NA,15.15,734.2,157324
Moana Court,-38.42826,144.83649,2014,29,15.15,734.2,157324
Moana Court,-38.42826,144.83649,2014,NA,15.15,734.2,157324
Moana Court,-38.42826,144.83649,2014,NA,15.15,734.2,157324
Moana Court,-38.42826,144.83649,2014,NA,15.15,734.2,157324
Moana Court,-38.42826,144.83649,2014,NA,15.15,734.2,157324
Moana Court,-38.42826,144.83649,2014,NA,15.15,734.2,157324
Moana Court,-38.42826,144.83649,2015,NA,14.6,663.3,159991
Moana Court,-38.42826,144.83649,2015,NA,14.6,663.3,159991
Moana Court,-38.42826,144.83649,2015,NA,14.6,663.3,159991
Moana Court,-38.42826,144.83649,2015,NA,14.6,663.3,159991
Moana Court,-38.42826,144.83649,2015,NA,14.6,663.3,159991
Moana Court,-38.42826,144.83649,2015,12,14.6,663.3,159991
Moana Court,-38.42826,144.83649,2015,NA,14.6,663.3,159991
Moana Court,-38.42826,144.83649,2015,NA,14.6,663.3,159991
Moana Court,-38.42826,144.83649,2015,NA,14.6,663.3,159991
Moana Court,-38.42826,144.83649,2015,NA,14.6,663.3,159991
Moana Court,-38.42826,144.83649,2015,NA,14.6,663.3,159991
Moana Court,-38.42826,144.83649,2015,NA,14.6,663.3,159991
Moana Court,-38.42826,144.83649,2016,NA,15.05,808.8,162681
Moana Court,-38.42826,144.83649,2016,NA,15.05,808.8,162681
Moana Court,-38.42826,144.83649,2016,NA,15.05,808.8,162681
Moana Court,-38.42826,144.83649,2016,NA,15.05,808.8,162681
Moana Court,-38.42826,144.83649,2016,NA,15.05,808.8,162681
Moana Court,-38.42826,144.83649,2016,NA,15.05,808.8,162681
Moana Court,-38.42826,144.83649,2016,NA,15.05,808.8,162681
Moana Court,-38.42826,144.83649,2016,NA,15.05,808.8,162681
Moana Court,-38.42826,144.83649,2016,NA,15.05,808.8,162681
Moana Court,-38.42826,144.83649,2016,NA,15.05,808.8,162681
Moana Court,-38.42826,144.83649,2016,NA,15.05,808.8,162681
Moana Court,-38.42826,144.83649,2016,NA,15.05,808.8,162681
Moana Court,-38.42826,144.83649,2017,NA,14.85,866.4,164828
Moana Court,-38.42826,144.83649,2017,NA,14.85,866.4,164828
Moana Court,-38.42826,144.83649,2017,NA,14.85,866.4,164828
Moana Court,-38.42826,144.83649,2017,NA,14.85,866.4,164828
Moana Court,-38.42826,144.83649,2017,NA,14.85,866.4,164828
Moana Court,-38.42826,144.83649,2017,NA,14.85,866.4,164828
Moana Court,-38.42826,144.83649,2017,NA,14.85,866.4,164828
Moana Court,-38.42826,144.83649,2017,NA,14.85,866.4,164828
Moana Court,-38.42826,144.83649,2017,NA,14.85,866.4,164828
Moana Court,-38.42826,144.83649,2017,NA,14.85,866.4,164828
Moana Court,-38.42826,144.83649,2017,NA,14.85,866.4,164828
Moana Court,-38.42826,144.83649,2017,NA,14.85,866.4,164828
Moana Court,-38.42826,144.83649,2018,NA,15,705.5,165728
Moana Court,-38.42826,144.83649,2018,NA,15,705.5,165728
Moana Court,-38.42826,144.83649,2018,NA,15,705.5,165728
Moana Court,-38.42826,144.83649,2018,NA,15,705.5,165728
Moana Court,-38.42826,144.83649,2018,NA,15,705.5,165728
Moana Court,-38.42826,144.83649,2018,NA,15,705.5,165728
Moana Court,-38.42826,144.83649,2018,NA,15,705.5,165728
Moana Court,-38.42826,144.83649,2018,NA,15,705.5,165728
Moana Court,-38.42826,144.83649,2018,NA,15,705.5,165728
Moana Court,-38.42826,144.83649,2018,NA,15,705.5,165728
Moana Court,-38.42826,144.83649,2018,NA,15,705.5,165728
Moana Court,-38.42826,144.83649,2018,NA,15,705.5,165728
Portsea Surf Beach,-38.33788,144.70779,2010,NA,14.75,1019.8,148907
Portsea Surf Beach,-38.33788,144.70779,2010,NA,14.75,1019.8,148907
Portsea Surf Beach,-38.33788,144.70779,2010,NA,14.75,1019.8,148907
Portsea Surf Beach,-38.33788,144.70779,2010,NA,14.75,1019.8,148907
Portsea Surf Beach,-38.33788,144.70779,2010,NA,14.75,1019.8,148907
Portsea Surf Beach,-38.33788,144.70779,2010,NA,14.75,1019.8,148907
Portsea Surf Beach,-38.33788,144.70779,2010,28,14.75,1019.8,148907
Portsea Surf Beach,-38.33788,144.70779,2010,NA,14.75,1019.8,148907
Portsea Surf Beach,-38.33788,144.70779,2010,NA,14.75,1019.8,148907
Portsea Surf Beach,-38.33788,144.70779,2010,NA,14.75,1019.8,148907
Portsea Surf Beach,-38.33788,144.70779,2010,NA,14.75,1019.8,148907
Portsea Surf Beach,-38.33788,144.70779,2010,18,14.75,1019.8,148907
Portsea Surf Beach,-38.33788,144.70779,2011,NA,14.6,985.2,150436
Portsea Surf Beach,-38.33788,144.70779,2011,NA,14.6,985.2,150436
Portsea Surf Beach,-38.33788,144.70779,2011,NA,14.6,985.2,150436
Portsea Surf Beach,-38.33788,144.70779,2011,NA,14.6,985.2,150436
Portsea Surf Beach,-38.33788,144.70779,2011,NA,14.6,985.2,150436
Portsea Surf Beach,-38.33788,144.70779,2011,NA,14.6,985.2,150436
Portsea Surf Beach,-38.33788,144.70779,2011,NA,14.6,985.2,150436
Portsea Surf Beach,-38.33788,144.70779,2011,NA,14.6,985.2,150436
Portsea Surf Beach,-38.33788,144.70779,2011,NA,14.6,985.2,150436
Portsea Surf Beach,-38.33788,144.70779,2011,NA,14.6,985.2,150436
Portsea Surf Beach,-38.33788,144.70779,2011,NA,14.6,985.2,150436
Portsea Surf Beach,-38.33788,144.70779,2011,2,14.6,985.2,150436
Portsea Surf Beach,-38.33788,144.70779,2012,10,14.65,1030.4,152680
Portsea Surf Beach,-38.33788,144.70779,2012,28,14.65,1030.4,152680
Portsea Surf Beach,-38.33788,144.70779,2012,17,14.65,1030.4,152680
Portsea Surf Beach,-38.33788,144.70779,2012,NA,14.65,1030.4,152680
Portsea Surf Beach,-38.33788,144.70779,2012,NA,14.65,1030.4,152680
Portsea Surf Beach,-38.33788,144.70779,2012,NA,14.65,1030.4,152680
Portsea Surf Beach,-38.33788,144.70779,2012,NA,14.65,1030.4,152680
Portsea Surf Beach,-38.33788,144.70779,2012,NA,14.65,1030.4,152680
Portsea Surf Beach,-38.33788,144.70779,2012,NA,14.65,1030.4,152680
Portsea Surf Beach,-38.33788,144.70779,2012,NA,14.65,1030.4,152680
Portsea Surf Beach,-38.33788,144.70779,2012,NA,14.65,1030.4,152680
Portsea Surf Beach,-38.33788,144.70779,2012,NA,14.65,1030.4,152680
Portsea Surf Beach,-38.33788,144.70779,2013,4,15,952.6,154977
Portsea Surf Beach,-38.33788,144.70779,2013,NA,15,952.6,154977
Portsea Surf Beach,-38.33788,144.70779,2013,NA,15,952.6,154977
Portsea Surf Beach,-38.33788,144.70779,2013,NA,15,952.6,154977
Portsea Surf Beach,-38.33788,144.70779,2013,NA,15,952.6,154977
Portsea Surf Beach,-38.33788,144.70779,2013,NA,15,952.6,154977
Portsea Surf Beach,-38.33788,144.70779,2013,NA,15,952.6,154977
Portsea Surf Beach,-38.33788,144.70779,2013,NA,15,952.6,154977
Portsea Surf Beach,-38.33788,144.70779,2013,NA,15,952.6,154977
Portsea Surf Beach,-38.33788,144.70779,2013,NA,15,952.6,154977
Portsea Surf Beach,-38.33788,144.70779,2013,NA,15,952.6,154977
Portsea Surf Beach,-38.33788,144.70779,2013,NA,15,952.6,154977
Portsea Surf Beach,-38.33788,144.70779,2014,NA,15.15,734.2,157324
Portsea Surf Beach,-38.33788,144.70779,2014,5,15.15,734.2,157324
Portsea Surf Beach,-38.33788,144.70779,2014,NA,15.15,734.2,157324
Portsea Surf Beach,-38.33788,144.70779,2014,NA,15.15,734.2,157324
Portsea Surf Beach,-38.33788,144.70779,2014,NA,15.15,734.2,157324
Portsea Surf Beach,-38.33788,144.70779,2014,NA,15.15,734.2,157324
Portsea Surf Beach,-38.33788,144.70779,2014,NA,15.15,734.2,157324
Portsea Surf Beach,-38.33788,144.70779,2014,NA,15.15,734.2,157324
Portsea Surf Beach,-38.33788,144.70779,2014,NA,15.15,734.2,157324
Portsea Surf Beach,-38.33788,144.70779,2014,NA,15.15,734.2,157324
Portsea Surf Beach,-38.33788,144.70779,2014,NA,15.15,734.2,157324
Portsea Surf Beach,-38.33788,144.70779,2014,NA,15.15,734.2,157324
Portsea Surf Beach,-38.33788,144.70779,2015,NA,14.6,663.3,159991
Portsea Surf Beach,-38.33788,144.70779,2015,NA,14.6,663.3,159991
Portsea Surf Beach,-38.33788,144.70779,2015,NA,14.6,663.3,159991
Portsea Surf Beach,-38.33788,144.70779,2015,NA,14.6,663.3,159991
Portsea Surf Beach,-38.33788,144.70779,2015,NA,14.6,663.3,159991
Portsea Surf Beach,-38.33788,144.70779,2015,NA,14.6,663.3,159991
Portsea Surf Beach,-38.33788,144.70779,2015,NA,14.6,663.3,159991
Portsea Surf Beach,-38.33788,144.70779,2015,NA,14.6,663.3,159991
Portsea Surf Beach,-38.33788,144.70779,2015,NA,14.6,663.3,159991
Portsea Surf Beach,-38.33788,144.70779,2015,NA,14.6,663.3,159991
Portsea Surf Beach,-38.33788,144.70779,2015,NA,14.6,663.3,159991
Portsea Surf Beach,-38.33788,144.70779,2015,NA,14.6,663.3,159991
Portsea Surf Beach,-38.33788,144.70779,2016,NA,15.05,808.8,162681
Portsea Surf Beach,-38.33788,144.70779,2016,NA,15.05,808.8,162681
Portsea Surf Beach,-38.33788,144.70779,2016,NA,15.05,808.8,162681
Portsea Surf Beach,-38.33788,144.70779,2016,NA,15.05,808.8,162681
Portsea Surf Beach,-38.33788,144.70779,2016,11,15.05,808.8,162681
Portsea Surf Beach,-38.33788,144.70779,2016,13,15.05,808.8,162681
Portsea Surf Beach,-38.33788,144.70779,2016,NA,15.05,808.8,162681
Portsea Surf Beach,-38.33788,144.70779,2016,NA,15.05,808.8,162681
Portsea Surf Beach,-38.33788,144.70779,2016,NA,15.05,808.8,162681
Portsea Surf Beach,-38.33788,144.70779,2016,NA,15.05,808.8,162681
Portsea Surf Beach,-38.33788,144.70779,2016,NA,15.05,808.8,162681
Portsea Surf Beach,-38.33788,144.70779,2016,NA,15.05,808.8,162681
Portsea Surf Beach,-38.33788,144.70779,2017,NA,14.85,866.4,164828
Portsea Surf Beach,-38.33788,144.70779,2017,NA,14.85,866.4,164828
Portsea Surf Beach,-38.33788,144.70779,2017,NA,14.85,866.4,164828
Portsea Surf Beach,-38.33788,144.70779,2017,NA,14.85,866.4,164828
Portsea Surf Beach,-38.33788,144.70779,2017,NA,14.85,866.4,164828
Portsea Surf Beach,-38.33788,144.70779,2017,NA,14.85,866.4,164828
Portsea Surf Beach,-38.33788,144.70779,2017,NA,14.85,866.4,164828
Portsea Surf Beach,-38.33788,144.70779,2017,NA,14.85,866.4,164828
Portsea Surf Beach,-38.33788,144.70779,2017,NA,14.85,866.4,164828
Portsea Surf Beach,-38.33788,144.70779,2017,NA,14.85,866.4,164828
Portsea Surf Beach,-38.33788,144.70779,2017,NA,14.85,866.4,164828
Portsea Surf Beach,-38.33788,144.70779,2017,NA,14.85,866.4,164828
Portsea Surf Beach,-38.33788,144.70779,2018,4,15,705.5,165728
Portsea Surf Beach,-38.33788,144.70779,2018,NA,15,705.5,165728
Portsea Surf Beach,-38.33788,144.70779,2018,NA,15,705.5,165728
Portsea Surf Beach,-38.33788,144.70779,2018,NA,15,705.5,165728
Portsea Surf Beach,-38.33788,144.70779,2018,NA,15,705.5,165728
Portsea Surf Beach,-38.33788,144.70779,2018,NA,15,705.5,165728
Portsea Surf Beach,-38.33788,144.70779,2018,NA,15,705.5,165728
Portsea Surf Beach,-38.33788,144.70779,2018,NA,15,705.5,165728
Portsea Surf Beach,-38.33788,144.70779,2018,NA,15,705.5,165728
Portsea Surf Beach,-38.33788,144.70779,2018,NA,15,705.5,165728
Portsea Surf Beach,-38.33788,144.70779,2018,NA,15,705.5,165728
Portsea Surf Beach,-38.33788,144.70779,2018,NA,15,705.5,165728
Rye Ocean Beach,-38.40463,144.80495,2010,NA,14.75,1019.8,148907
Rye Ocean Beach,-38.40463,144.80495,2010,NA,14.75,1019.8,148907
Rye Ocean Beach,-38.40463,144.80495,2010,NA,14.75,1019.8,148907
Rye Ocean Beach,-38.40463,144.80495,2010,NA,14.75,1019.8,148907
Rye Ocean Beach,-38.40463,144.80495,2010,NA,14.75,1019.8,148907
Rye Ocean Beach,-38.40463,144.80495,2010,NA,14.75,1019.8,148907
Rye Ocean Beach,-38.40463,144.80495,2010,NA,14.75,1019.8,148907
Rye Ocean Beach,-38.40463,144.80495,2010,NA,14.75,1019.8,148907
Rye Ocean Beach,-38.40463,144.80495,2010,NA,14.75,1019.8,148907
Rye Ocean Beach,-38.40463,144.80495,2010,4,14.75,1019.8,148907
Rye Ocean Beach,-38.40463,144.80495,2010,NA,14.75,1019.8,148907
Rye Ocean Beach,-38.40463,144.80495,2010,NA,14.75,1019.8,148907
Rye Ocean Beach,-38.40463,144.80495,2011,NA,14.6,985.2,150436
Rye Ocean Beach,-38.40463,144.80495,2011,NA,14.6,985.2,150436
Rye Ocean Beach,-38.40463,144.80495,2011,NA,14.6,985.2,150436
Rye Ocean Beach,-38.40463,144.80495,2011,NA,14.6,985.2,150436
Rye Ocean Beach,-38.40463,144.80495,2011,NA,14.6,985.2,150436
Rye Ocean Beach,-38.40463,144.80495,2011,NA,14.6,985.2,150436
Rye Ocean Beach,-38.40463,144.80495,2011,NA,14.6,985.2,150436
Rye Ocean Beach,-38.40463,144.80495,2011,NA,14.6,985.2,150436
Rye Ocean Beach,-38.40463,144.80495,2011,NA,14.6,985.2,150436
Rye Ocean Beach,-38.40463,144.80495,2011,NA,14.6,985.2,150436
Rye Ocean Beach,-38.40463,144.80495,2011,NA,14.6,985.2,150436
Rye Ocean Beach,-38.40463,144.80495,2011,NA,14.6,985.2,150436
Rye Ocean Beach,-38.40463,144.80495,2012,NA,14.65,1030.4,152680
Rye Ocean Beach,-38.40463,144.80495,2012,NA,14.65,1030.4,152680
Rye Ocean Beach,-38.40463,144.80495,2012,NA,14.65,1030.4,152680
Rye Ocean Beach,-38.40463,144.80495,2012,NA,14.65,1030.4,152680
Rye Ocean Beach,-38.40463,144.80495,2012,NA,14.65,1030.4,152680
Rye Ocean Beach,-38.40463,144.80495,2012,NA,14.65,1030.4,152680
Rye Ocean Beach,-38.40463,144.80495,2012,NA,14.65,1030.4,152680
Rye Ocean Beach,-38.40463,144.80495,2012,NA,14.65,1030.4,152680
Rye Ocean Beach,-38.40463,144.80495,2012,NA,14.65,1030.4,152680
Rye Ocean Beach,-38.40463,144.80495,2012,NA,14.65,1030.4,152680
Rye Ocean Beach,-38.40463,144.80495,2012,NA,14.65,1030.4,152680
Rye Ocean Beach,-38.40463,144.80495,2012,NA,14.65,1030.4,152680
Rye Ocean Beach,-38.40463,144.80495,2013,NA,15,952.6,154977
Rye Ocean Beach,-38.40463,144.80495,2013,NA,15,952.6,154977
Rye Ocean Beach,-38.40463,144.80495,2013,NA,15,952.6,154977
Rye Ocean Beach,-38.40463,144.80495,2013,NA,15,952.6,154977
Rye Ocean Beach,-38.40463,144.80495,2013,30,15,952.6,154977
Rye Ocean Beach,-38.40463,144.80495,2013,NA,15,952.6,154977
Rye Ocean Beach,-38.40463,144.80495,2013,NA,15,952.6,154977
Rye Ocean Beach,-38.40463,144.80495,2013,NA,15,952.6,154977
Rye Ocean Beach,-38.40463,144.80495,2013,NA,15,952.6,154977
Rye Ocean Beach,-38.40463,144.80495,2013,NA,15,952.6,154977
Rye Ocean Beach,-38.40463,144.80495,2013,NA,15,952.6,154977
Rye Ocean Beach,-38.40463,144.80495,2013,NA,15,952.6,154977
Rye Ocean Beach,-38.40463,144.80495,2014,NA,15.15,734.2,157324
Rye Ocean Beach,-38.40463,144.80495,2014,NA,15.15,734.2,157324
Rye Ocean Beach,-38.40463,144.80495,2014,NA,15.15,734.2,157324
Rye Ocean Beach,-38.40463,144.80495,2014,NA,15.15,734.2,157324
Rye Ocean Beach,-38.40463,144.80495,2014,NA,15.15,734.2,157324
Rye Ocean Beach,-38.40463,144.80495,2014,NA,15.15,734.2,157324
Rye Ocean Beach,-38.40463,144.80495,2014,NA,15.15,734.2,157324
Rye Ocean Beach,-38.40463,144.80495,2014,NA,15.15,734.2,157324
Rye Ocean Beach,-38.40463,144.80495,2014,NA,15.15,734.2,157324
Rye Ocean Beach,-38.40463,144.80495,2014,NA,15.15,734.2,157324
Rye Ocean Beach,-38.40463,144.80495,2014,NA,15.15,734.2,157324
Rye Ocean Beach,-38.40463,144.80495,2014,NA,15.15,734.2,157324
Rye Ocean Beach,-38.40463,144.80495,2015,NA,14.6,663.3,159991
Rye Ocean Beach,-38.40463,144.80495,2015,NA,14.6,663.3,159991
Rye Ocean Beach,-38.40463,144.80495,2015,NA,14.6,663.3,159991
Rye Ocean Beach,-38.40463,144.80495,2015,NA,14.6,663.3,159991
Rye Ocean Beach,-38.40463,144.80495,2015,NA,14.6,663.3,159991
Rye Ocean Beach,-38.40463,144.80495,2015,NA,14.6,663.3,159991
Rye Ocean Beach,-38.40463,144.80495,2015,NA,14.6,663.3,159991
Rye Ocean Beach,-38.40463,144.80495,2015,NA,14.6,663.3,159991
Rye Ocean Beach,-38.40463,144.80495,2015,NA,14.6,663.3,159991
Rye Ocean Beach,-38.40463,144.80495,2015,7,14.6,663.3,159991
Rye Ocean Beach,-38.40463,144.80495,2015,NA,14.6,663.3,159991
Rye Ocean Beach,-38.40463,144.80495,2015,NA,14.6,663.3,159991
Rye Ocean Beach,-38.40463,144.80495,2016,NA,15.05,808.8,162681
Rye Ocean Beach,-38.40463,144.80495,2016,NA,15.05,808.8,162681
Rye Ocean Beach,-38.40463,144.80495,2016,NA,15.05,808.8,162681
Rye Ocean Beach,-38.40463,144.80495,2016,NA,15.05,808.8,162681
Rye Ocean Beach,-38.40463,144.80495,2016,NA,15.05,808.8,162681
Rye Ocean Beach,-38.40463,144.80495,2016,NA,15.05,808.8,162681
Rye Ocean Beach,-38.40463,144.80495,2016,NA,15.05,808.8,162681
Rye Ocean Beach,-38.40463,144.80495,2016,NA,15.05,808.8,162681
Rye Ocean Beach,-38.40463,144.80495,2016,NA,15.05,808.8,162681
Rye Ocean Beach,-38.40463,144.80495,2016,NA,15.05,808.8,162681
Rye Ocean Beach,-38.40463,144.80495,2016,NA,15.05,808.8,162681
Rye Ocean Beach,-38.40463,144.80495,2016,NA,15.05,808.8,162681
Rye Ocean Beach,-38.40463,144.80495,2017,NA,14.85,866.4,164828
Rye Ocean Beach,-38.40463,144.80495,2017,NA,14.85,866.4,164828
Rye Ocean Beach,-38.40463,144.80495,2017,NA,14.85,866.4,164828
Rye Ocean Beach,-38.40463,144.80495,2017,NA,14.85,866.4,164828
Rye Ocean Beach,-38.40463,144.80495,2017,NA,14.85,866.4,164828
Rye Ocean Beach,-38.40463,144.80495,2017,NA,14.85,866.4,164828
Rye Ocean Beach,-38.40463,144.80495,2017,NA,14.85,866.4,164828
Rye Ocean Beach,-38.40463,144.80495,2017,NA,14.85,866.4,164828
Rye Ocean Beach,-38.40463,144.80495,2017,NA,14.85,866.4,164828
Rye Ocean Beach,-38.40463,144.80495,2017,NA,14.85,866.4,164828
Rye Ocean Beach,-38.40463,144.80495,2017,NA,14.85,866.4,164828
Rye Ocean Beach,-38.40463,144.80495,2017,NA,14.85,866.4,164828
Rye Ocean Beach,-38.40463,144.80495,2018,NA,15,705.5,165728
Rye Ocean Beach,-38.40463,144.80495,2018,NA,15,705.5,165728
Rye Ocean Beach,-38.40463,144.80495,2018,NA,15,705.5,165728
Rye Ocean Beach,-38.40463,144.80495,2018,NA,15,705.5,165728
Rye Ocean Beach,-38.40463,144.80495,2018,NA,15,705.5,165728
Rye Ocean Beach,-38.40463,144.80495,2018,NA,15,705.5,165728
Rye Ocean Beach,-38.40463,144.80495,2018,NA,15,705.5,165728
Rye Ocean Beach,-38.40463,144.80495,2018,NA,15,705.5,165728
Rye Ocean Beach,-38.40463,144.80495,2018,NA,15,705.5,165728
Rye Ocean Beach,-38.40463,144.80495,2018,NA,15,705.5,165728
Rye Ocean Beach,-38.40463,144.80495,2018,NA,15,705.5,165728
Rye Ocean Beach,-38.40463,144.80495,2018,NA,15,705.5,165728
Mushroom Reef Marine Sanctuary,-38.4816509,145.016318,2010,NA,14.75,1019.8,148907
Mushroom Reef Marine Sanctuary,-38.4816509,145.016318,2010,NA,14.75,1019.8,148907
Mushroom Reef Marine Sanctuary,-38.4816509,145.016318,2010,NA,14.75,1019.8,148907
Mushroom Reef Marine Sanctuary,-38.4816509,145.016318,2010,NA,14.75,1019.8,148907
Mushroom Reef Marine Sanctuary,-38.4816509,145.016318,2010,NA,14.75,1019.8,148907
Mushroom Reef Marine Sanctuary,-38.4816509,145.016318,2010,NA,14.75,1019.8,148907
Mushroom Reef Marine Sanctuary,-38.4816509,145.016318,2010,NA,14.75,1019.8,148907
Mushroom Reef Marine Sanctuary,-38.4816509,145.016318,2010,NA,14.75,1019.8,148907
Mushroom Reef Marine Sanctuary,-38.4816509,145.016318,2010,NA,14.75,1019.8,148907
Mushroom Reef Marine Sanctuary,-38.4816509,145.016318,2010,NA,14.75,1019.8,148907
Mushroom Reef Marine Sanctuary,-38.4816509,145.016318,2010,NA,14.75,1019.8,148907
Mushroom Reef Marine Sanctuary,-38.4816509,145.016318,2010,NA,14.75,1019.8,148907
Mushroom Reef Marine Sanctuary,-38.4816509,145.016318,2011,NA,14.6,985.2,150436
Mushroom Reef Marine Sanctuary,-38.4816509,145.016318,2011,NA,14.6,985.2,150436
Mushroom Reef Marine Sanctuary,-38.4816509,145.016318,2011,NA,14.6,985.2,150436
Mushroom Reef Marine Sanctuary,-38.4816509,145.016318,2011,NA,14.6,985.2,150436
Mushroom Reef Marine Sanctuary,-38.4816509,145.016318,2011,NA,14.6,985.2,150436
Mushroom Reef Marine Sanctuary,-38.4816509,145.016318,2011,NA,14.6,985.2,150436
Mushroom Reef Marine Sanctuary,-38.4816509,145.016318,2011,NA,14.6,985.2,150436
Mushroom Reef Marine Sanctuary,-38.4816509,145.016318,2011,NA,14.6,985.2,150436
Mushroom Reef Marine Sanctuary,-38.4816509,145.016318,2011,NA,14.6,985.2,150436
Mushroom Reef Marine Sanctuary,-38.4816509,145.016318,2011,NA,14.6,985.2,150436
Mushroom Reef Marine Sanctuary,-38.4816509,145.016318,2011,NA,14.6,985.2,150436
Mushroom Reef Marine Sanctuary,-38.4816509,145.016318,2011,NA,14.6,985.2,150436
Mushroom Reef Marine Sanctuary,-38.4816509,145.016318,2012,NA,14.65,1030.4,152680
Mushroom Reef Marine Sanctuary,-38.4816509,145.016318,2012,NA,14.65,1030.4,152680
Mushroom Reef Marine Sanctuary,-38.4816509,145.016318,2012,NA,14.65,1030.4,152680
Mushroom Reef Marine Sanctuary,-38.4816509,145.016318,2012,NA,14.65,1030.4,152680
Mushroom Reef Marine Sanctuary,-38.4816509,145.016318,2012,NA,14.65,1030.4,152680
Mushroom Reef Marine Sanctuary,-38.4816509,145.016318,2012,NA,14.65,1030.4,152680
Mushroom Reef Marine Sanctuary,-38.4816509,145.016318,2012,NA,14.65,1030.4,152680
Mushroom Reef Marine Sanctuary,-38.4816509,145.016318,2012,NA,14.65,1030.4,152680
Mushroom Reef Marine Sanctuary,-38.4816509,145.016318,2012,NA,14.65,1030.4,152680
Mushroom Reef Marine Sanctuary,-38.4816509,145.016318,2012,NA,14.65,1030.4,152680
Mushroom Reef Marine Sanctuary,-38.4816509,145.016318,2012,NA,14.65,1030.4,152680
Mushroom Reef Marine Sanctuary,-38.4816509,145.016318,2012,NA,14.65,1030.4,152680
Mushroom Reef Marine Sanctuary,-38.4816509,145.016318,2013,NA,15,952.6,154977
Mushroom Reef Marine Sanctuary,-38.4816509,145.016318,2013,NA,15,952.6,154977
Mushroom Reef Marine Sanctuary,-38.4816509,145.016318,2013,NA,15,952.6,154977
Mushroom Reef Marine Sanctuary,-38.4816509,145.016318,2013,NA,15,952.6,154977
Mushroom Reef Marine Sanctuary,-38.4816509,145.016318,2013,NA,15,952.6,154977
Mushroom Reef Marine Sanctuary,-38.4816509,145.016318,2013,NA,15,952.6,154977
Mushroom Reef Marine Sanctuary,-38.4816509,145.016318,2013,NA,15,952.6,154977
Mushroom Reef Marine Sanctuary,-38.4816509,145.016318,2013,NA,15,952.6,154977
Mushroom Reef Marine Sanctuary,-38.4816509,145.016318,2013,NA,15,952.6,154977
Mushroom Reef Marine Sanctuary,-38.4816509,145.016318,2013,NA,15,952.6,154977
Mushroom Reef Marine Sanctuary,-38.4816509,145.016318,2013,NA,15,952.6,154977
Mushroom Reef Marine Sanctuary,-38.4816509,145.016318,2013,NA,15,952.6,154977
Mushroom Reef Marine Sanctuary,-38.4816509,145.016318,2014,NA,15.15,734.2,157324
Mushroom Reef Marine Sanctuary,-38.4816509,145.016318,2014,NA,15.15,734.2,157324
Mushroom Reef Marine Sanctuary,-38.4816509,145.016318,2014,NA,15.15,734.2,157324
Mushroom Reef Marine Sanctuary,-38.4816509,145.016318,2014,NA,15.15,734.2,157324
Mushroom Reef Marine Sanctuary,-38.4816509,145.016318,2014,NA,15.15,734.2,157324
Mushroom Reef Marine Sanctuary,-38.4816509,145.016318,2014,NA,15.15,734.2,157324
Mushroom Reef Marine Sanctuary,-38.4816509,145.016318,2014,2,15.15,734.2,157324
Mushroom Reef Marine Sanctuary,-38.4816509,145.016318,2014,NA,15.15,734.2,157324
Mushroom Reef Marine Sanctuary,-38.4816509,145.016318,2014,NA,15.15,734.2,157324
Mushroom Reef Marine Sanctuary,-38.4816509,145.016318,2014,NA,15.15,734.2,157324
Mushroom Reef Marine Sanctuary,-38.4816509,145.016318,2014,NA,15.15,734.2,157324
Mushroom Reef Marine Sanctuary,-38.4816509,145.016318,2014,NA,15.15,734.2,157324
Mushroom Reef Marine Sanctuary,-38.4816509,145.016318,2015,NA,14.6,663.3,159991
Mushroom Reef Marine Sanctuary,-38.4816509,145.016318,2015,NA,14.6,663.3,159991
Mushroom Reef Marine Sanctuary,-38.4816509,145.016318,2015,NA,14.6,663.3,159991
Mushroom Reef Marine Sanctuary,-38.4816509,145.016318,2015,NA,14.6,663.3,159991
Mushroom Reef Marine Sanctuary,-38.4816509,145.016318,2015,NA,14.6,663.3,159991
Mushroom Reef Marine Sanctuary,-38.4816509,145.016318,2015,NA,14.6,663.3,159991
Mushroom Reef Marine Sanctuary,-38.4816509,145.016318,2015,NA,14.6,663.3,159991
Mushroom Reef Marine Sanctuary,-38.4816509,145.016318,2015,NA,14.6,663.3,159991
Mushroom Reef Marine Sanctuary,-38.4816509,145.016318,2015,NA,14.6,663.3,159991
Mushroom Reef Marine Sanctuary,-38.4816509,145.016318,2015,NA,14.6,663.3,159991
Mushroom Reef Marine Sanctuary,-38.4816509,145.016318,2015,NA,14.6,663.3,159991
Mushroom Reef Marine Sanctuary,-38.4816509,145.016318,2015,NA,14.6,663.3,159991
Mushroom Reef Marine Sanctuary,-38.4816509,145.016318,2016,7,15.05,808.8,162681
Mushroom Reef Marine Sanctuary,-38.4816509,145.016318,2016,NA,15.05,808.8,162681
Mushroom Reef Marine Sanctuary,-38.4816509,145.016318,2016,NA,15.05,808.8,162681
Mushroom Reef Marine Sanctuary,-38.4816509,145.016318,2016,NA,15.05,808.8,162681
Mushroom Reef Marine Sanctuary,-38.4816509,145.016318,2016,NA,15.05,808.8,162681
Mushroom Reef Marine Sanctuary,-38.4816509,145.016318,2016,NA,15.05,808.8,162681
Mushroom Reef Marine Sanctuary,-38.4816509,145.016318,2016,NA,15.05,808.8,162681
Mushroom Reef Marine Sanctuary,-38.4816509,145.016318,2016,NA,15.05,808.8,162681
Mushroom Reef Marine Sanctuary,-38.4816509,145.016318,2016,NA,15.05,808.8,162681
Mushroom Reef Marine Sanctuary,-38.4816509,145.016318,2016,NA,15.05,808.8,162681
Mushroom Reef Marine Sanctuary,-38.4816509,145.016318,2016,NA,15.05,808.8,162681
Mushroom Reef Marine Sanctuary,-38.4816509,145.016318,2016,NA,15.05,808.8,162681
Mushroom Reef Marine Sanctuary,-38.4816509,145.016318,2017,NA,14.85,866.4,164828
Mushroom Reef Marine Sanctuary,-38.4816509,145.016318,2017,NA,14.85,866.4,164828
Mushroom Reef Marine Sanctuary,-38.4816509,145.016318,2017,NA,14.85,866.4,164828
Mushroom Reef Marine Sanctuary,-38.4816509,145.016318,2017,2,14.85,866.4,164828
Mushroom Reef Marine Sanctuary,-38.4816509,145.016318,2017,NA,14.85,866.4,164828
Mushroom Reef Marine Sanctuary,-38.4816509,145.016318,2017,NA,14.85,866.4,164828
Mushroom Reef Marine Sanctuary,-38.4816509,145.016318,2017,NA,14.85,866.4,164828
Mushroom Reef Marine Sanctuary,-38.4816509,145.016318,2017,NA,14.85,866.4,164828
Mushroom Reef Marine Sanctuary,-38.4816509,145.016318,2017,NA,14.85,866.4,164828
Mushroom Reef Marine Sanctuary,-38.4816509,145.016318,2017,NA,14.85,866.4,164828
Mushroom Reef Marine Sanctuary,-38.4816509,145.016318,2017,NA,14.85,866.4,164828
Mushroom Reef Marine Sanctuary,-38.4816509,145.016318,2017,NA,14.85,866.4,164828
Mushroom Reef Marine Sanctuary,-38.4816509,145.016318,2018,NA,15,705.5,165728
Mushroom Reef Marine Sanctuary,-38.4816509,145.016318,2018,NA,15,705.5,165728
Mushroom Reef Marine Sanctuary,-38.4816509,145.016318,2018,NA,15,705.5,165728
Mushroom Reef Marine Sanctuary,-38.4816509,145.016318,2018,NA,15,705.5,165728
Mushroom Reef Marine Sanctuary,-38.4816509,145.016318,2018,NA,15,705.5,165728
Mushroom Reef Marine Sanctuary,-38.4816509,145.016318,2018,NA,15,705.5,165728
Mushroom Reef Marine Sanctuary,-38.4816509,145.016318,2018,NA,15,705.5,165728
Mushroom Reef Marine Sanctuary,-38.4816509,145.016318,2018,NA,15,705.5,165728
Mushroom Reef Marine Sanctuary,-38.4816509,145.016318,2018,NA,15,705.5,165728
Mushroom Reef Marine Sanctuary,-38.4816509,145.016318,2018,NA,15,705.5,165728
Mushroom Reef Marine Sanctuary,-38.4816509,145.016318,2018,NA,15,705.5,165728
Mushroom Reef Marine Sanctuary,-38.4816509,145.016318,2018,NA,15,705.5,165728
Point Nepean National Park,-38.3112215,144.6748352,2010,NA,14.75,1019.8,148907
Point Nepean National Park,-38.3112215,144.6748352,2010,NA,14.75,1019.8,148907
Point Nepean National Park,-38.3112215,144.6748352,2010,NA,14.75,1019.8,148907
Point Nepean National Park,-38.3112215,144.6748352,2010,NA,14.75,1019.8,148907
Point Nepean National Park,-38.3112215,144.6748352,2010,NA,14.75,1019.8,148907
Point Nepean National Park,-38.3112215,144.6748352,2010,NA,14.75,1019.8,148907
Point Nepean National Park,-38.3112215,144.6748352,2010,NA,14.75,1019.8,148907
Point Nepean National Park,-38.3112215,144.6748352,2010,NA,14.75,1019.8,148907
Point Nepean National Park,-38.3112215,144.6748352,2010,NA,14.75,1019.8,148907
Point Nepean National Park,-38.3112215,144.6748352,2010,NA,14.75,1019.8,148907
Point Nepean National Park,-38.3112215,144.6748352,2010,NA,14.75,1019.8,148907
Point Nepean National Park,-38.3112215,144.6748352,2010,NA,14.75,1019.8,148907
Point Nepean National Park,-38.3112215,144.6748352,2011,NA,14.6,985.2,150436
Point Nepean National Park,-38.3112215,144.6748352,2011,NA,14.6,985.2,150436
Point Nepean National Park,-38.3112215,144.6748352,2011,NA,14.6,985.2,150436
Point Nepean National Park,-38.3112215,144.6748352,2011,NA,14.6,985.2,150436
Point Nepean National Park,-38.3112215,144.6748352,2011,NA,14.6,985.2,150436
Point Nepean National Park,-38.3112215,144.6748352,2011,NA,14.6,985.2,150436
Point Nepean National Park,-38.3112215,144.6748352,2011,NA,14.6,985.2,150436
Point Nepean National Park,-38.3112215,144.6748352,2011,NA,14.6,985.2,150436
Point Nepean National Park,-38.3112215,144.6748352,2011,NA,14.6,985.2,150436
Point Nepean National Park,-38.3112215,144.6748352,2011,NA,14.6,985.2,150436
Point Nepean National Park,-38.3112215,144.6748352,2011,NA,14.6,985.2,150436
Point Nepean National Park,-38.3112215,144.6748352,2011,NA,14.6,985.2,150436
Point Nepean National Park,-38.3112215,144.6748352,2012,NA,14.65,1030.4,152680
Point Nepean National Park,-38.3112215,144.6748352,2012,NA,14.65,1030.4,152680
Point Nepean National Park,-38.3112215,144.6748352,2012,NA,14.65,1030.4,152680
Point Nepean National Park,-38.3112215,144.6748352,2012,NA,14.65,1030.4,152680
Point Nepean National Park,-38.3112215,144.6748352,2012,NA,14.65,1030.4,152680
Point Nepean National Park,-38.3112215,144.6748352,2012,NA,14.65,1030.4,152680
Point Nepean National Park,-38.3112215,144.6748352,2012,NA,14.65,1030.4,152680
Point Nepean National Park,-38.3112215,144.6748352,2012,NA,14.65,1030.4,152680
Point Nepean National Park,-38.3112215,144.6748352,2012,NA,14.65,1030.4,152680
Point Nepean National Park,-38.3112215,144.6748352,2012,NA,14.65,1030.4,152680
Point Nepean National Park,-38.3112215,144.6748352,2012,NA,14.65,1030.4,152680
Point Nepean National Park,-38.3112215,144.6748352,2012,NA,14.65,1030.4,152680
Point Nepean National Park,-38.3112215,144.6748352,2013,NA,15,952.6,154977
Point Nepean National Park,-38.3112215,144.6748352,2013,0,15,952.6,154977
Point Nepean National Park,-38.3112215,144.6748352,2013,NA,15,952.6,154977
Point Nepean National Park,-38.3112215,144.6748352,2013,NA,15,952.6,154977
Point Nepean National Park,-38.3112215,144.6748352,2013,NA,15,952.6,154977
Point Nepean National Park,-38.3112215,144.6748352,2013,NA,15,952.6,154977
Point Nepean National Park,-38.3112215,144.6748352,2013,2,15,952.6,154977
Point Nepean National Park,-38.3112215,144.6748352,2013,0,15,952.6,154977
Point Nepean National Park,-38.3112215,144.6748352,2013,NA,15,952.6,154977
Point Nepean National Park,-38.3112215,144.6748352,2013,NA,15,952.6,154977
Point Nepean National Park,-38.3112215,144.6748352,2013,25,15,952.6,154977
Point Nepean National Park,-38.3112215,144.6748352,2013,NA,15,952.6,154977
Point Nepean National Park,-38.3112215,144.6748352,2014,NA,15.15,734.2,157324
Point Nepean National Park,-38.3112215,144.6748352,2014,6,15.15,734.2,157324
Point Nepean National Park,-38.3112215,144.6748352,2014,NA,15.15,734.2,157324
Point Nepean National Park,-38.3112215,144.6748352,2014,NA,15.15,734.2,157324
Point Nepean National Park,-38.3112215,144.6748352,2014,NA,15.15,734.2,157324
Point Nepean National Park,-38.3112215,144.6748352,2014,NA,15.15,734.2,157324
Point Nepean National Park,-38.3112215,144.6748352,2014,5,15.15,734.2,157324
Point Nepean National Park,-38.3112215,144.6748352,2014,NA,15.15,734.2,157324
Point Nepean National Park,-38.3112215,144.6748352,2014,NA,15.15,734.2,157324
Point Nepean National Park,-38.3112215,144.6748352,2014,NA,15.15,734.2,157324
Point Nepean National Park,-38.3112215,144.6748352,2014,1,15.15,734.2,157324
Point Nepean National Park,-38.3112215,144.6748352,2014,NA,15.15,734.2,157324
Point Nepean National Park,-38.3112215,144.6748352,2015,NA,14.6,663.3,159991
Point Nepean National Park,-38.3112215,144.6748352,2015,NA,14.6,663.3,159991
Point Nepean National Park,-38.3112215,144.6748352,2015,NA,14.6,663.3,159991
Point Nepean National Park,-38.3112215,144.6748352,2015,NA,14.6,663.3,159991
Point Nepean National Park,-38.3112215,144.6748352,2015,7,14.6,663.3,159991
Point Nepean National Park,-38.3112215,144.6748352,2015,NA,14.6,663.3,159991
Point Nepean National Park,-38.3112215,144.6748352,2015,NA,14.6,663.3,159991
Point Nepean National Park,-38.3112215,144.6748352,2015,NA,14.6,663.3,159991
Point Nepean National Park,-38.3112215,144.6748352,2015,NA,14.6,663.3,159991
Point Nepean National Park,-38.3112215,144.6748352,2015,NA,14.6,663.3,159991
Point Nepean National Park,-38.3112215,144.6748352,2015,NA,14.6,663.3,159991
Point Nepean National Park,-38.3112215,144.6748352,2015,NA,14.6,663.3,159991
Point Nepean National Park,-38.3112215,144.6748352,2016,NA,15.05,808.8,162681
Point Nepean National Park,-38.3112215,144.6748352,2016,NA,15.05,808.8,162681
Point Nepean National Park,-38.3112215,144.6748352,2016,NA,15.05,808.8,162681
Point Nepean National Park,-38.3112215,144.6748352,2016,NA,15.05,808.8,162681
Point Nepean National Park,-38.3112215,144.6748352,2016,NA,15.05,808.8,162681
Point Nepean National Park,-38.3112215,144.6748352,2016,NA,15.05,808.8,162681
Point Nepean National Park,-38.3112215,144.6748352,2016,NA,15.05,808.8,162681
Point Nepean National Park,-38.3112215,144.6748352,2016,NA,15.05,808.8,162681
Point Nepean National Park,-38.3112215,144.6748352,2016,NA,15.05,808.8,162681
Point Nepean National Park,-38.3112215,144.6748352,2016,8,15.05,808.8,162681
Point Nepean National Park,-38.3112215,144.6748352,2016,NA,15.05,808.8,162681
Point Nepean National Park,-38.3112215,144.6748352,2016,NA,15.05,808.8,162681
Point Nepean National Park,-38.3112215,144.6748352,2017,NA,14.85,866.4,164828
Point Nepean National Park,-38.3112215,144.6748352,2017,NA,14.85,866.4,164828
Point Nepean National Park,-38.3112215,144.6748352,2017,NA,14.85,866.4,164828
Point Nepean National Park,-38.3112215,144.6748352,2017,NA,14.85,866.4,164828
Point Nepean National Park,-38.3112215,144.6748352,2017,NA,14.85,866.4,164828
Point Nepean National Park,-38.3112215,144.6748352,2017,1,14.85,866.4,164828
Point Nepean National Park,-38.3112215,144.6748352,2017,NA,14.85,866.4,164828
Point Nepean National Park,-38.3112215,144.6748352,2017,6,14.85,866.4,164828
Point Nepean National Park,-38.3112215,144.6748352,2017,NA,14.85,866.4,164828
Point Nepean National Park,-38.3112215,144.6748352,2017,NA,14.85,866.4,164828
Point Nepean National Park,-38.3112215,144.6748352,2017,NA,14.85,866.4,164828
Point Nepean National Park,-38.3112215,144.6748352,2017,NA,14.85,866.4,164828
Point Nepean National Park,-38.3112215,144.6748352,2018,NA,15,705.5,165728
Point Nepean National Park,-38.3112215,144.6748352,2018,NA,15,705.5,165728
Point Nepean National Park,-38.3112215,144.6748352,2018,NA,15,705.5,165728
Point Nepean National Park,-38.3112215,144.6748352,2018,NA,15,705.5,165728
Point Nepean National Park,-38.3112215,144.6748352,2018,NA,15,705.5,165728
Point Nepean National Park,-38.3112215,144.6748352,2018,NA,15,705.5,165728
Point Nepean National Park,-38.3112215,144.6748352,2018,NA,15,705.5,165728
Point Nepean National Park,-38.3112215,144.6748352,2018,1,15,705.5,165728
Point Nepean National Park,-38.3112215,144.6748352,2018,NA,15,705.5,165728
Point Nepean National Park,-38.3112215,144.6748352,2018,NA,15,705.5,165728
Point Nepean National Park,-38.3112215,144.6748352,2018,NA,15,705.5,165728
Point Nepean National Park,-38.3112215,144.6748352,2018,NA,15,705.5,165728
